source_id,title,organization,year,collection,source_type,evidence_tier,authority_level,intended_use,source_url,access_status,lifecycle_status,local_paths,aliases,notes
CN-001,药物临床试验质量管理规范 2020,NMPA and National Health Commission,2020,01_regulatory_and_ethics,regulatory_page,A,regulatory,Chinese GCP baseline for clinical trial quality and protocol governance,https://www.nmpa.gov.cn/xxgk/fgwj/xzhgfxwj/20200426162401243.html,public_html,active,references/inbox/medical/NMPA_GCP_2020.html,,
CN-002,药物临床试验质量管理规范 2026年修订,NMPA and NHC and NATCM and NCDC,2026,01_regulatory_and_ethics,regulatory_page,A,regulatory,Latest public Chinese GCP revision and quality responsibility context,https://www.nmpa.gov.cn/xxgk/fgwj/xzhgfxwj/20260608103856150.html,public_html,active,references/inbox/medical/NMPA_GCP_2026.html,,
CN-003,药物临床试验数据管理与统计分析计划指导原则,CDE,2021,01_regulatory_and_ethics,guidance_pdf,A,regulatory,Chinese source for data management plan and SAP structure after protocol confirmation,https://www.cde.org.cn/main/att/download/7da62eab6c2d93cb350048a1f507d348,public_html,active,references/inbox/medical/CDE_Data_Management_Statistical_Analysis_Plan_2021.html,,
CN-004,药物临床试验期间方案变更技术指导原则试行,CDE,2022,01_regulatory_and_ethics,guidance_pdf,A,regulatory,Chinese source for protocol amendment scenarios and assessment points,https://pharmwyp.com/posts/56814/3.%E4%B8%B4%E5%BA%8A%E8%AF%95%E9%AA%8C%E5%AE%9E%E6%96%BD/3.4%E8%AF%95%E9%AA%8C%E7%AC%A6%E5%90%88%E6%80%A7/20220623_CDE_%E5%85%B3%E4%BA%8E%E5%8F%91%E5%B8%83%E3%80%8A%E8%8D%AF%E7%89%A9%E4%B8%B4%E5%BA%8A%E8%AF%95%E9%AA%8C%E6%9C%9F%E9%97%B4%E6%96%B9%E6%A1%88%E5%8F%98%E6%9B%B4%E6%8A%80%E6%9C%AF%E6%8C%87%E5%AF%BC%E5%8E%9F%E5%88%99%EF%BC%88%E8%AF%95%E8%A1%8C%EF%BC%89%E3%80%8B%E7%9A%84%E9%80%9A%E5%91%8A%EF%BC%882022%E5%B9%B4%E7%AC%AC34%E5%8F%B7%EF%BC%89.pdf,public_pdf,active,references/inbox/medical/CDE_Protocol_Amendment_Guidance_2022.pdf,,
CN-005,CDE发布药物临床试验期间方案变更技术指导原则试行,中国食品药品网,2022,01_regulatory_and_ethics,news_reprint,B,institutional,CDE announcement text and access path for protocol amendment guidance,https://m.cnpharm.com/c/2022-06-23/829152.shtml,public_html,active,references/inbox/medical/CNPharm_CDE_Protocol_Amendment_Announcement.html,,
CN-006,CDE发布药物临床试验数据管理与统计分析计划指导原则,中国食品药品网,2022,01_regulatory_and_ethics,news_reprint,B,institutional,CDE announcement text and access path for data management and SAP guidance,https://m.cnpharm.com/c/2022-01-04/814382.shtml,public_html,active,references/inbox/medical/CNPharm_CDE_DM_SAP_Announcement.html,,
GOV-004,Artificial Intelligence for Drug Development,US FDA,2026,01_regulatory_and_ethics,regulatory_page,A,regulatory,FDA resource hub for AI in drug development,https://www.fda.gov/about-fda/center-drug-evaluation-and-research-cder/artificial-intelligence-drug-development,public_html,active,references/inbox/ai_governance/FDA_AI_Drug_Development_Resource.html,,
M1-01,ICH E6(R3) Principles and Annex 1,ICH,2025,01_regulatory_and_ethics,regulatory_guideline,A,regulatory,GCP核心；覆盖方案、质量管理、数据治理和研究者/申办者职责,https://database.ich.org/sites/default/files/ICH_E6%28R3%29_Step4_FinalGuideline_2025_0106_ErrorCorrections_2025_1024.pdf,已下载,active,references/inbox/medical_teammate/原始资料/M1_法规伦理与报告规范/M1-01_ICH_E6R3_Principles_Annex1_2025-10.pdf,,正式版 | 英文 | 2025年勘误整合版
M1-02,ICH E6(R3) Annex 2,ICH,2026,01_regulatory_and_ethics,regulatory_guideline,A,regulatory,去中心化、真实世界数据等新型试验设计的GCP补充,https://database.ich.org/sites/default/files/ICH_E6%28R3%29_Annex%202_Guideline_Step%204_2026_0603_0.pdf,已下载,active,references/inbox/medical_teammate/原始资料/M1_法规伦理与报告规范/M1-02_ICH_E6R3_Annex2_2026-06.pdf,,正式版 | 英文 | 2026年最新Step 4
M1-03,ICH E8(R1) General Considerations for Clinical Studies,ICH,2021,01_regulatory_and_ethics,regulatory_guideline,A,regulatory,质量源于设计、试验目的和关键质量因素,https://database.ich.org/sites/default/files/ICH_E8-R1_Guideline_Step4_2021_1006.pdf,已下载,active,references/inbox/medical_teammate/原始资料/M1_法规伦理与报告规范/M1-03_ICH_E8R1_2021.pdf,,正式版 | 英文 | 当前正式版
M1-06,ICH E2A Clinical Safety Data Management,ICH,1994,01_regulatory_and_ethics,regulatory_guideline,A,regulatory,严重不良事件和快速报告定义,https://database.ich.org/sites/default/files/E2A_Guideline.pdf,已下载,active,references/inbox/medical_teammate/原始资料/M1_法规伦理与报告规范/M1-06_ICH_E2A.pdf,,正式版 | 英文 | 基础正式指南
M1-11,Guidance for Best Practices for Clinical Trials,WHO,2024,01_regulatory_and_ethics,regulatory_guideline,A,regulatory,全球临床试验生态、伦理、监管和注册最佳实践,https://iris.who.int/bitstream/handle/10665/378782/9789240097711-eng.pdf,下载失败/待补,active,references/inbox/medical_teammate/原始资料/M1_法规伦理与报告规范/M1-11_WHO_Best_Practices_Clinical_Trials_2024.pdf,,正式版 | 英文 | WHO最新综合指南
M1-12,Declaration of Helsinki 2024,WMA,2024,01_regulatory_and_ethics,regulatory_guideline,B,institutional,人体医学研究伦理基本原则,https://www.wma.net/wp-content/uploads/2024/11/HB-E-Version-2024.pdf,下载失败/待补,active,references/inbox/medical_teammate/原始资料/M1_法规伦理与报告规范/M1-12_WMA_Declaration_of_Helsinki_Handbook_2024.pdf,,正式版 | 英文 | 2024版取代历次版本；文件为WMA政策手册
M1-13,International Ethical Guidelines for Health-related Research Involving Humans,CIOMS/WHO,2016,01_regulatory_and_ethics,regulatory_guideline,A,regulatory,脆弱人群、知情同意、公平性和伦理审查,https://cioms.ch/wp-content/uploads/2017/01/WEB-CIOMS-EthicalGuidelines.pdf,已下载,active,references/inbox/medical_teammate/原始资料/M1_法规伦理与报告规范/M1-13_CIOMS_Ethical_Guidelines_2016_republished_2025.pdf,,正式版 | 英文 | 2025按开放许可再发布；内容版本为2016
M1-14,药物临床试验质量管理规范,国家药监局等四部门,2026,01_regulatory_and_ethics,regulatory_guideline,B,institutional,中国GCP核心法规,https://yjj.sh.gov.cn/cmsres/01/019e5e2d868c470f9927c3a9672fc59c/203167cf5e796696423edf05cb8c3174.doc,已下载,active,references/inbox/medical_teammate/原始资料/M1_法规伦理与报告规范/M1-14_中国药物临床试验质量管理规范_2026.doc,,正式版 | 中文 | 2026-09-01施行；替代2020版
M1-15,药物临床试验质量管理规范政策问答,国家药监局等四部门,2026,01_regulatory_and_ethics,regulatory_guideline,B,institutional,解释新版中国GCP执行要点,https://yjj.sh.gov.cn/cmsres/6c/6c38f69ae6a942e684221c90927db3c1/b6bd1d09af642f8f1107a80d3e0a3f59.doc,已下载,active,references/inbox/medical_teammate/原始资料/M1_法规伦理与报告规范/M1-15_中国GCP政策问答_2026.doc,,配套问答 | 中文 | 与2026版GCP配套
M1-16,SPIRIT 2025 Statement,SPIRIT/CONSORT Group; BMJ,2025,01_regulatory_and_ethics,regulatory_guideline,A,regulatory,临床试验方案最低报告项目清单,https://www.bmj.com/content/389/bmj-2024-081477.full.pdf,下载失败/待补,active,references/inbox/medical_teammate/原始资料/M1_法规伦理与报告规范/M1-16_SPIRIT_2025_Statement.html,,正式版 | 英文 | 2025最新版
M1-17,SPIRIT 2025 Explanation and Elaboration,SPIRIT/CONSORT Group; BMJ,2025,01_regulatory_and_ethics,regulatory_guideline,A,regulatory,SPIRIT逐条解释、示例和操作依据,https://www.bmj.com/content/bmj/389/bmj-2024-081660.full.pdf,下载失败/待补,active,references/inbox/medical_teammate/原始资料/M1_法规伦理与报告规范/M1-17_SPIRIT_2025_Explanation_Elaboration.html,,正式版 | 英文 | 2025最新版
M1-18,CONSORT 2025 Statement,SPIRIT/CONSORT Group; BMJ,2025,01_regulatory_and_ethics,regulatory_guideline,A,regulatory,随机对照试验结果报告清单,https://www.bmj.com/content/389/bmj-2024-081123.full.pdf,下载失败/待补,active,references/inbox/medical_teammate/原始资料/M1_法规伦理与报告规范/M1-18_CONSORT_2025_Statement.html,,正式版 | 英文 | 2025最新版
M1-19,CONSORT 2025 Explanation and Elaboration,SPIRIT/CONSORT Group; BMJ,2025,01_regulatory_and_ethics,regulatory_guideline,A,regulatory,CONSORT逐条解释和实例,https://www.bmj.com/content/389/bmj-2024-081124.full.pdf,下载失败/待补,active,references/inbox/medical_teammate/原始资料/M1_法规伦理与报告规范/M1-19_CONSORT_2025_Explanation_Elaboration.html,,正式版 | 英文 | 2025最新版
M2-01,Adaptive Designs for Clinical Trials of Drugs and Biologics,FDA,2019,01_regulatory_and_ethics,regulatory_guideline,A,regulatory,自适应设计原则、模拟与操作偏倚控制,https://www.fda.gov/media/78495/download,下载失败/待补,active,references/inbox/medical_teammate/原始资料/M2_试验设计与统计/M2-01_FDA_Adaptive_Design_2019.pdf,,正式版 | 英文 | 当前正式版
M2-02,Enrichment Strategies for Clinical Trials,FDA,2019,01_regulatory_and_ethics,regulatory_guideline,A,regulatory,富集设计、入组人群选择与获益风险,https://www.fda.gov/media/121320/download,下载失败/待补,active,references/inbox/medical_teammate/原始资料/M2_试验设计与统计/M2-02_FDA_Enrichment_Strategies_2019.pdf,,正式版 | 英文 | 当前正式版
M2-03,Adjusting for Covariates in Randomized Clinical Trials,FDA,2023,01_regulatory_and_ethics,regulatory_guideline,A,regulatory,协变量预设、效率提升和统计分析,https://www.fda.gov/media/168507/download,下载失败/待补,active,references/inbox/medical_teammate/原始资料/M2_试验设计与统计/M2-03_FDA_Adjusting_for_Covariates_2023.pdf,,正式版 | 英文 | 当前正式版
M2-04,Conducting Clinical Trials With Decentralized Elements,FDA,2024,01_regulatory_and_ethics,regulatory_guideline,A,regulatory,远程访视、数字工具、本地服务与数据质量,https://www.fda.gov/media/167696/download,下载失败/待补,active,references/inbox/medical_teammate/原始资料/M2_试验设计与统计/M2-04_FDA_Decentralized_Elements_2024.pdf,,正式版 | 英文 | 当前正式版
M2-05,Protocol Deviations for Clinical Investigations,FDA,2024,01_regulatory_and_ethics,regulatory_guideline,A,regulatory,偏离分类、报告和预防性管理,https://www.fda.gov/media/184745/download,下载失败/待补,active,references/inbox/medical_teammate/原始资料/M2_试验设计与统计/M2-05_FDA_Protocol_Deviations_DRAFT_2024.pdf,,草案 | 英文 | 草案；不可作为最终实施文件
M2-06,Use of Bayesian Methodology in Clinical Trials,FDA,2026,01_regulatory_and_ethics,regulatory_guideline,A,regulatory,贝叶斯设计、先验信息和操作特征,https://www.fda.gov/media/190505/download,下载失败/待补,active,references/inbox/medical_teammate/原始资料/M2_试验设计与统计/M2-06_FDA_Bayesian_Methodology_DRAFT_2026.pdf,,草案 | 英文 | 2026最新草案；不可作为最终实施文件
M2-07,ICH E10 Choice of Control Group and Related Issues,ICH,2000,01_regulatory_and_ethics,regulatory_guideline,A,regulatory,对照组选择、优效/非劣效及伦理考虑,https://database.ich.org/sites/default/files/E10_Guideline.pdf,已下载,active,references/inbox/medical_teammate/原始资料/M2_试验设计与统计/M2-07_ICH_E10_Control_Group.pdf,,正式版 | 英文 | 基础正式指南
M2-09,ICH E4 Dose-Response Information to Support Drug Registration,ICH,1994,01_regulatory_and_ethics,regulatory_guideline,A,regulatory,剂量探索、剂量-反应设计与分析,https://database.ich.org/sites/default/files/E4_Guideline.pdf,已下载,active,references/inbox/medical_teammate/原始资料/M2_试验设计与统计/M2-09_ICH_E4_Dose_Response.pdf,,正式版 | 英文 | 基础正式指南
M2-10,ICH E5(R1) Ethnic Factors in Acceptability of Foreign Clinical Data,ICH,1998,01_regulatory_and_ethics,regulatory_guideline,A,regulatory,桥接研究和种族因素评估,https://database.ich.org/sites/default/files/E5_R1__Guideline.pdf,已下载,active,references/inbox/medical_teammate/原始资料/M2_试验设计与统计/M2-10_ICH_E5R1_Ethnic_Factors.pdf,,正式版 | 英文 | 基础正式指南
M2-11,ICH E7 Studies in Support of Special Populations: Geriatrics,ICH,1993,01_regulatory_and_ethics,regulatory_guideline,A,regulatory,老年人群代表性、安全性与剂量研究,https://database.ich.org/sites/default/files/E7_Guideline.pdf,已下载,active,references/inbox/medical_teammate/原始资料/M2_试验设计与统计/M2-11_ICH_E7_Geriatrics.pdf,,正式版 | 英文 | 基础正式指南
M2-12,ICH E11(R1) Clinical Investigation in the Pediatric Population,ICH,2017,01_regulatory_and_ethics,regulatory_guideline,A,regulatory,儿童临床开发与伦理、年龄分层和研究设计,https://database.ich.org/sites/default/files/E11_R1_Guideline.pdf,已下载,active,references/inbox/medical_teammate/原始资料/M2_试验设计与统计/M2-12_ICH_E11R1_Pediatrics.pdf,,正式版 | 英文 | 当前正式版
M2-13,ICH E11A Pediatric Extrapolation,ICH,2024,01_regulatory_and_ethics,regulatory_guideline,A,regulatory,儿童外推计划、证据整合和不确定性处理,https://database.ich.org/sites/default/files/ICH_E11A_Guideline_Step4_2024_0821.pdf,已下载,active,references/inbox/medical_teammate/原始资料/M2_试验设计与统计/M2-13_ICH_E11A_Pediatric_Extrapolation_2024.pdf,,正式版 | 英文 | 2024年正式版
M2-14,ICH E18 Genomic Sampling and Management of Genomic Data,ICH,2017,01_regulatory_and_ethics,regulatory_guideline,A,regulatory,基因组样本、数据、隐私和知情同意,https://database.ich.org/sites/default/files/E18_Guideline.pdf,已下载,active,references/inbox/medical_teammate/原始资料/M2_试验设计与统计/M2-14_ICH_E18_Genomic_Sampling.pdf,,正式版 | 英文 | 当前正式版
M2-15,ICH E19 Selective Safety Data Collection,ICH,2022,01_regulatory_and_ethics,regulatory_guideline,A,regulatory,特定后期试验的风险比例化安全数据收集,https://database.ich.org/sites/default/files/ICH_E19_Guideline_Step4_2022_0826_0.pdf,已下载,active,references/inbox/medical_teammate/原始资料/M2_试验设计与统计/M2-15_ICH_E19_Selective_Safety_Data_2022.pdf,,正式版 | 英文 | 当前正式版
M2-16,ICH E2D(R1) Post-Approval Safety Data,ICH,2025,01_regulatory_and_ethics,regulatory_guideline,A,regulatory,上市后个例安全报告定义和管理标准,https://database.ich.org/sites/default/files/ICH_E2D%28R1%29_Step4_FinalGuideline_2025_0819.pdf,已下载,active,references/inbox/medical_teammate/原始资料/M2_试验设计与统计/M2-16_ICH_E2DR1_Post_Approval_Safety_2025.pdf,,正式版 | 英文 | 2025年正式版
MED-001,ICH M11 Clinical electronic Structured Harmonised Protocol CeSHarP final guideline,ICH,2025,01_regulatory_and_ethics,regulatory_guideline,A,regulatory,Structured protocol standard and Trial Fact Sheet rationale,https://database.ich.org/sites/default/files/ICH_Step4_M11_Final_Guideline_2025_1119.pdf,public_pdf,active,references/inbox/medical/ICH_M11_Final_Guideline_2025.pdf | references/inbox/medical_teammate/原始资料/M1_法规伦理与报告规范/M1-08_ICH_M11_Guideline_2025.pdf,M1-08,正式版 | 英文 | 2025年正式版
MED-003,ICH M11 Explainer,ICH,2026,01_regulatory_and_ethics,official_explainer,A,regulatory,Concise official story for structured protocol deliverables,https://database.ich.org/sites/default/files/ICH%20M11%20Explainer_May2026.pdf,public_pdf,active,references/inbox/medical/ICH_M11_Explainer_2026.pdf | references/inbox/medical_teammate/原始资料/M1_法规伦理与报告规范/M1-10_ICH_M11_Explainer_2026.pdf,M1-10,说明文件 | 英文 | 2026年最新说明
MED-004,M11 Clinical Electronic Structured Harmonised Protocol,US FDA,2026,01_regulatory_and_ethics,regulatory_page,A,regulatory,US adoption page for ICH M11,https://www.fda.gov/regulatory-information/search-fda-guidance-documents/m11-clinical-electronic-structured-harmonised-protocol,public_html,active,references/inbox/medical/FDA_M11_CeSHarP.html,,
MED-005,ICH M11 guideline clinical study protocol template and technical specifications scientific guideline,European Medicines Agency,2023,01_regulatory_and_ethics,regulatory_page,B,institutional,EU regulatory context for harmonised protocol preparation,https://www.ema.europa.eu/en/ich-m11-guideline-clinical-study-protocol-template-technical-specifications-scientific-guideline,public_html,active,references/inbox/medical/EMA_ICH_M11_overview.html,,
MED-006,SPIRIT 2013 Checklist recommended items to address in a clinical trial protocol and related documents,SPIRIT Group,2013,01_regulatory_and_ethics,checklist,A,regulatory,Protocol completeness and amendment-tracking checklist,https://www.spirit-statement.org/wp-content/uploads/2013/01/SPIRIT-Checklist-download-8Jan13.pdf,public_pdf,active,references/inbox/medical/SPIRIT_2013_Checklist.pdf,,
MED-007,SPIRIT 2013 Statement defining standard protocol items for clinical trials,SPIRIT Group,2013,01_regulatory_and_ethics,guideline_statement,A,regulatory,Protocol item taxonomy and schedule examples,https://www.spirit-statement.org/wp-content/uploads/SPIRIT_2013_Statement_FR_final.pdf,public_pdf,active,references/inbox/medical/SPIRIT_2013_Statement.pdf,,
MED-008,SPIRIT electronic protocol tool and resource SEPTRE overview,SPIRIT Group,2026,01_regulatory_and_ethics,tool_reference,A,regulatory,Existing protocol creation and management tool context,https://www.spirit-statement.org/,public_html,active,references/inbox/medical/SPIRIT_home_SEPTRE.html,,
MED-009,SPIRIT-AI extension for clinical trial protocols involving AI interventions,BMJ and SPIRIT-AI Group,2020,01_regulatory_and_ethics,guideline_extension,A,regulatory,AI-related protocol items and AI trial documentation boundaries,https://pmc.ncbi.nlm.nih.gov/articles/PMC8212701/,public_html,active,references/inbox/medical/SPIRIT_AI_Extension_PMC.html,,
MED-010,CONSORT 2010 Statement updated guidelines for reporting parallel group randomised trials,BMC Medicine,2010,01_regulatory_and_ethics,guideline_statement,B,institutional,Trial reporting checklist and consistency principles,https://link.springer.com/article/10.1186/1741-7015-8-18,public_html,active,references/inbox/medical/CONSORT_2010_BMC.html,,
MED-011,ClinicalTrials.gov Protocol Registration Data Element Definitions for Interventional and Observational Studies,ClinicalTrials.gov and NLM,2026,01_regulatory_and_ethics,data_element_definitions,B,institutional,Structured vocabulary for endpoints arms eligibility and outcomes,https://clinicaltrials.gov/policy/protocol-definitions,public_html,active,references/inbox/medical/ClinicalTrialsGov_Protocol_Definitions.html | references/inbox/associated_documents/ClinicalTrialsGov_protocol_definitions.html,ADOC-012,
MED-013,ICH E6(R3) Good Clinical Practice guideline,ICH,2025,01_regulatory_and_ethics,regulatory_guideline,A,regulatory,Quality by design and human responsibility boundary,https://database.ich.org/sites/default/files/ICH_E6%28R3%29_Step4_FinalGuideline_2025_0106.pdf,public_pdf,active,references/inbox/medical/ICH_E6_R3_Final_Guideline_2025.pdf,,
MED-014,ICH E8(R1) General Considerations for Clinical Studies,ICH,2021,01_regulatory_and_ethics,regulatory_guideline,A,regulatory,Quality by design and critical-to-quality factors,https://database.ich.org/sites/default/files/E8-R1_Guideline_Step4_2021_1006.pdf,public_pdf,active,references/inbox/medical/ICH_E8_R1_2021.pdf,,
MED-015,ICH E9 Statistical Principles for Clinical Trials,ICH,1998,01_regulatory_and_ethics,regulatory_guideline,A,regulatory,Statistical constraints and analysis-plan consistency,https://database.ich.org/sites/default/files/E9_Guideline.pdf,public_pdf,active,references/inbox/medical/ICH_E9_Statistical_Principles.pdf | references/inbox/medical_teammate/原始资料/M1_法规伦理与报告规范/M1-04_ICH_E9.pdf,M1-04,正式版 | 英文 | 基础正式指南
MED-016,ICH E9(R1) Addendum on Estimands and Sensitivity Analysis,ICH,2019,01_regulatory_and_ethics,regulatory_guideline,A,regulatory,Endpoint estimand language and semantic consistency,https://database.ich.org/sites/default/files/E9-R1_Step4_Guideline_2019_1203.pdf,public_pdf,active,references/inbox/medical/ICH_E9_R1_Estimands.pdf | references/inbox/medical_teammate/原始资料/M1_法规伦理与报告规范/M1-05_ICH_E9R1_2019.pdf,M1-05,正式版 | 英文 | 当前正式版
MED-017,When and how can endpoints be changed after initiation of a randomized clinical trial,PLoS Clinical Trials via PMC,2007,01_regulatory_and_ethics,research_article,B,institutional,Endpoint change risk and downstream update reasoning,https://pmc.ncbi.nlm.nih.gov/articles/PMC1852589/,public_html,active,references/inbox/medical/Endpoint_Changes_PMC.html,,
MED-018,Common Clinical Trial Amendments why they are submitted and why they are not,PMC,2022,01_regulatory_and_ethics,research_article,B,institutional,Protocol amendment taxonomy and operational burden,https://pmc.ncbi.nlm.nih.gov/articles/PMC9811046/,public_html,active,references/inbox/medical/Common_Clinical_Trial_Amendments_PMC.html,,
MED-019,The Impact of Protocol Amendments on Clinical Trial Performance and Cost,PubMed,2016,01_regulatory_and_ethics,research_metadata,B,institutional,Quantitative amendment cost and performance evidence,https://pubmed.ncbi.nlm.nih.gov/30227022/,metadata_only,active,references/inbox/medical/Protocol_Amendments_PubMed.html,,
MED-020,The Impact of Protocol Amendments on Clinical Trial Performance and Cost,SAGE Journals,2016,01_regulatory_and_ethics,research_metadata,B,institutional,Publisher landing page for amendment cost evidence,https://journals.sagepub.com/doi/10.1177/2168479016632271,metadata_only,active,references/inbox/medical/Protocol_Amendments_SAGE.html,,
MED-021,New Benchmarks on Protocol Amendment Practices Trends and their Impact on Clinical Trial Performance,PubMed,2024,01_regulatory_and_ethics,research_metadata,B,institutional,Updated amendment trend benchmark metadata,https://pubmed.ncbi.nlm.nih.gov/38438658/,metadata_only,active,references/inbox/medical/New_Benchmarks_Protocol_Amendments_PubMed.html,,
MED-022,Development of a protocol complexity tool a framework designed to simplify clinical trials,PMC,2025,01_regulatory_and_ethics,research_article,B,institutional,Protocol complexity measurement and simplification framing,https://pmc.ncbi.nlm.nih.gov/articles/PMC12395810/,public_html,active,references/inbox/medical/Protocol_Complexity_Tool_PMC.html,,
MED-023,ICH Guidance Documents,US FDA,2026,01_regulatory_and_ethics,regulatory_index,A,regulatory,Official FDA index for ICH guidance cross-checking,https://www.fda.gov/science-research/clinical-trials-and-human-subject-protection/ich-guidance-documents,public_html,active,references/inbox/medical/FDA_ICH_Guidance_Index.html,,
REG-001,"FDA Informed Consent Guidance for IRBs, Clinical Investigators, and Sponsors",US FDA,2023,01_regulatory_and_ethics,regulatory_guidance,A,regulatory,Consent rule constraints and participant-facing document checks,https://www.fda.gov/downloads/regulatoryinformation/guidances/ucm405006.pdf,public_pdf,active,references/inbox/regulatory_constraints/FDA_informed_consent_guidance_2023.pdf,,
REG-002,HHS OHRP Informed Consent Checklist,HHS OHRP,2026,01_regulatory_and_ethics,checklist,B,institutional,Consent required elements checklist for ICF unit tests,https://www.hhs.gov/ohrp/regulations-and-policy/guidance/checklists/index.html,public_html,active,references/inbox/regulatory_constraints/HHS_OHRP_informed_consent_checklist.html,,
REG-003,FDA and HHS Use of Electronic Informed Consent in Clinical Investigations,US FDA / HHS,2016,01_regulatory_and_ethics,regulatory_guidance,A,regulatory,Digital consent and electronic record boundary for Feishu workflow story,https://www.fda.gov/regulatory-information/search-fda-guidance-documents/use-electronic-informed-consent-clinical-investigations-questions-and-answers,public_html,active,references/inbox/regulatory_constraints/FDA_HHS_electronic_informed_consent.html,,
REG-004,ICH E17 General Principles for Planning and Design of Multi-Regional Clinical Trials,ICH,2017,01_regulatory_and_ethics,regulatory_guideline,A,regulatory,Global protocol design constraints and region-related design facts,https://database.ich.org/sites/default/files/E17EWG_Step4_2017_1116.pdf,public_pdf,active,references/inbox/regulatory_constraints/ICH_E17_Multi_Regional_Clinical_Trials_2017.pdf | references/inbox/medical_teammate/原始资料/M2_试验设计与统计/M2-08_ICH_E17_MRCT_2017.pdf,M2-08,正式版 | 英文 | 当前正式版
REG-005,EMA ICH E17 scientific guideline page,EMA,2026,01_regulatory_and_ethics,regulatory_page,A,regulatory,EMA context for ICH E17 and global submission acceptability,https://www.ema.europa.eu/en/ich-guideline-e17-general-principles-planning-design-multi-regional-clinical-trials-scientific-guideline,public_html,active,references/inbox/regulatory_constraints/EMA_ICH_E17_guideline_page.html,,
REG-006,FDA E17 General Principles for Planning and Design of Multi-Regional Clinical Trials,US FDA,2018,01_regulatory_and_ethics,regulatory_page,A,regulatory,US adoption context for multi-region protocol constraints,https://www.fda.gov/regulatory-information/search-fda-guidance-documents/e17-general-principles-planning-and-design-multi-regional-clinical-trials,public_html,active,references/inbox/regulatory_constraints/FDA_ICH_E17_guidance_page.html,,
ADOC-001,WHO informed consent form template for clinical studies,WHO,2026,02_templates_and_associated_documents,template,B,institutional,ICF structure and informed consent document unit mapping,https://cdn.who.int/media/docs/default-source/documents/ethics/ethics-informedconsent-clinicalstudies.doc?sfvrsn=d69ff68a_0,public_doc,active,references/inbox/associated_documents/WHO_informed_consent_template.doc,,
ADOC-002,NIH consent templates,NIH OHSRP,2026,02_templates_and_associated_documents,template_index,B,institutional,ICF template source and consent section requirements,https://irbo.nih.gov/nih-irb-templates/consent-templates/,public_html,active,references/inbox/associated_documents/NIH_consent_templates.html,,
ADOC-003,NIAID protocols and informed consent,NIAID,2025,02_templates_and_associated_documents,template_index,B,institutional,Protocol and ICF template references for document catalog,https://www.niaid.nih.gov/research/dmid-protocols-informed-consent,public_html,active,references/inbox/associated_documents/NIAID_protocols_informed_consent.html,,
ADOC-004,FDA informed consent template for individual patient expanded access,US FDA,2026,02_templates_and_associated_documents,template,B,institutional,Consent language constraints and regulatory boundary examples,https://www.fda.gov/news-events/expanded-access/informed-consent-template-individual-patient-expanded-access,public_html,active,references/inbox/associated_documents/FDA_expanded_access_informed_consent_template.html,,
ADOC-005,TransCelerate Common Statistical Analysis Plan template,TransCelerate BioPharma,2026,02_templates_and_associated_documents,template_page,B,institutional,SAP structure and protocol-SAP dependency mapping,https://www.transceleratebiopharmainc.com/initiatives/common-statistical-analysis-plan-sap-template/,public_html,active,references/inbox/associated_documents/TransCelerate_common_SAP_template.html,,
ADOC-008,EU-PEARL Statistical Analysis Plan template,EU-PEARL,2023,02_templates_and_associated_documents,template,B,institutional,SAP section examples and analysis-plan fact dependencies,https://eu-pearl.eu/wp-content/uploads/2023/05/3.EU-PEARL_SAP_Template_V3-25April2023.docx,public_docx,active,references/inbox/associated_documents/EU_PEARL_SAP_Template_2023.docx,,
ADOC-009,Duke Statistical Analysis Plan template,Duke Biostatistics,2020,02_templates_and_associated_documents,template,B,institutional,SAP checklist and analysis plan unit tests,https://biostat.duke.edu/sites/default/files/2022-06/SAP%20template%20for%20website%202020-06-09.docx,public_docx,active,references/inbox/associated_documents/Duke_SAP_template_2020.docx,,
ADOC-010,DAC Trials Statistical Analysis Plan template,DAC Trials,2026,02_templates_and_associated_documents,template_page,B,institutional,SAP purpose and best-practice wording,https://dac-trials.org/resources/statistical-analysis-plan-template/,public_html,active,references/inbox/associated_documents/DAC_trials_SAP_template.html,,
ADOC-011,A template for the authoring of statistical analysis plans,Trials / PMC,2023,02_templates_and_associated_documents,open_access_article,B,institutional,Evidence for structured SAP authoring and SAP checklist content,https://pmc.ncbi.nlm.nih.gov/articles/PMC10300078/,public_html,active,references/inbox/associated_documents/PMC_SAP_authoring_template_2023.html,,
ADOC-013,ClinicalTrials.gov results data element definitions,ClinicalTrials.gov,2026,02_templates_and_associated_documents,registry_definitions,B,institutional,Outcome result consistency and endpoint traceability,https://clinicaltrials.gov/policy/results-definitions,local_snapshot_mismatch,metadata_only,references/inbox/associated_documents/ClinicalTrialsGov_results_definitions.html,,人工复核确认：本地 HTML 与 MED-011 完全相同，并非 results-definitions 页面；知识库不得读取该本地文件，重新下载前仅保留官方 URL 与元数据。 | File content duplicates MED-011.
ADOC-014,ClinicalTrials.gov glossary terms,ClinicalTrials.gov,2026,02_templates_and_associated_documents,glossary,B,institutional,Terminology normalization for registry/protocol consistency,https://clinicaltrials.gov/study-basics/glossary,local_snapshot_mismatch,metadata_only,references/inbox/associated_documents/ClinicalTrialsGov_glossary.html,,人工复核确认：本地 HTML 与 MED-011 完全相同，并非 glossary 页面；知识库不得读取该本地文件，重新下载前仅保留官方 URL 与元数据。 | File content duplicates MED-011.
ADOC-015,ICH E3 Structure and Content of Clinical Study Reports,ICH,1995,02_templates_and_associated_documents,regulatory_guideline,A,regulatory,CSR document units and protocol-to-CSR traceability,https://database.ich.org/sites/default/files/E3_Guideline.pdf,public_pdf,active,references/inbox/associated_documents/ICH_E3_Clinical_Study_Report.pdf | references/inbox/medical_teammate/原始资料/M1_法规伦理与报告规范/M1-07_ICH_E3.pdf,M1-07,正式版 | 英文 | 基础正式指南
ADOC-016,NIH-FDA Phase 2 and 3 IND IDE Clinical Trial Protocol Template annotated by MRCT,MRCT Center / NIH / FDA,2022,02_templates_and_associated_documents,template,B,institutional,Protocol section catalog and schedule/endpoint dependencies,https://mrctcenter.org/diversity-in-clinical-research/wp-content/uploads/sites/8/2022/06/MRCT-Center-NIH-Protocol-Template-Version-1.0.pdf,public_pdf,active,references/inbox/associated_documents/MRCT_NIH_FDA_protocol_template_2022.pdf,,
ADOC-017,NIA informed consent document template and guidelines,National Institute on Aging,2022,02_templates_and_associated_documents,template,B,institutional,Informed consent section requirements and wording patterns,https://www.nia.nih.gov/sites/default/files/2022-03/nia-informed-consent-template.docx,public_docx,active,references/inbox/associated_documents/NIA_informed_consent_template_2022.html,,
ADOC-018,NYU standard consent template for clinical trials and biomedical research,NYU Langone Health,2018,02_templates_and_associated_documents,template,B,institutional,Consent document unit examples and risk/benefit wording checks,https://med.nyu.edu/departments-institutes/clinical-translational-science/sites/default/files/standard-consent-template-for-clinical-trials-and-biomedical-research.pdf,public_pdf,active,references/inbox/associated_documents/NYU_standard_consent_template_2018.pdf,,
ADOC-019,ClinicalTrials.gov reporting basic results article,PMC,2010,02_templates_and_associated_documents,open_access_article,B,institutional,Registry results reporting background and outcome data dependencies,https://pmc.ncbi.nlm.nih.gov/articles/PMC2821287/,public_html,active,references/inbox/associated_documents/PMC_ClinicalTrialsGov_basic_results_2010.html,,
ADOC-020,University of Buffalo ClinicalTrials.gov registration and results guide,University at Buffalo CTSI,2024,02_templates_and_associated_documents,guide,B,institutional,Registry required-field workflow and completion date dependencies,https://www.buffalo.edu/content/dam/www/ctsi/Cores/ClinicalResearchOffice/ClinicalTrialsgov%20Registration%20and%20Results%20Guide%201.16.2024.docx,public_docx,active,references/inbox/associated_documents/Buffalo_ClinicalTrialsGov_registration_results_guide_2024.docx,,
ADOC-021,ClinicalTrials.gov Protocol and SAP Upload and Redaction Guidance,Weill Cornell Medicine,2019,02_templates_and_associated_documents,guide,B,institutional,Protocol/SAP disclosure and redaction workflow dependencies,https://research.weill.cornell.edu/sites/default/files/policy_forms/wcm_clinicaltrials.gov_protocol_and_sap_upload_and_redaction_guidance_v1.0_11.9.19.pdf,public_pdf,active,references/inbox/associated_documents/Weill_Cornell_ClinicalTrialsGov_protocol_SAP_redaction_2019.pdf,,
ADOC-022,ISCB Clinical Trial Protocol Template,International Society for Clinical Biostatistics,2016,02_templates_and_associated_documents,template,B,institutional,Additional public protocol template for unit catalog validation,https://www.iscb.international/files/folders/sira_files/protocol_template_05feb2016_508.pdf,public_pdf,active,references/inbox/associated_documents/ISCB_clinical_trial_protocol_template_2016.pdf,,
ADOC-023,NIA Informed Consent Checklist,National Institute on Aging,2008,02_templates_and_associated_documents,checklist,B,institutional,ICF element checklist for deterministic consent unit tests,https://www.nia.nih.gov/sites/default/files/2017-06/informed_consent_checklist_1_14_08_updated%20%281%29.doc,public_doc,active,references/inbox/associated_documents/NIA_informed_consent_checklist_2008.html,,
ADOC-024,ClinicalTrials.gov sample informed consent document,ClinicalTrials.gov,2017,02_templates_and_associated_documents,public_example_document,B,institutional,Public example of ICF structure and participant-facing phrasing,https://cdn.clinicaltrials.gov/large-docs/95/NCT01873495/ICF_001.pdf,public_pdf,active,references/inbox/associated_documents/ClinicalTrialsGov_sample_ICF_NCT01873495.pdf,,
M4-01,CTIMPs Protocol Development Tool,UK Health Research Authority,2026,02_templates_and_associated_documents,template,B,institutional,药物临床试验方案编写模板,https://www.hra.nhs.uk/documents/5771/ctimp-protocol-development-tool_Apr_2026.docx,已下载,active,references/inbox/medical_teammate/原始资料/M4_模板与工具/M4-01_HRA_CTIMPs_Protocol_Development_Tool_2026.docx,,正式模板 | 英文 | 2026年最新模板
M4-02,Model Consent Template when NIH is the Lead Site,NIH IRBO,2026,02_templates_and_associated_documents,template,B,institutional,多中心研究知情同意书框架,https://irbo.nih.gov/documents/317/2026_01_26__Model_Consent_Template_when_NIH_is_the_Lead_Site_v9.docx,已下载,active,references/inbox/medical_teammate/原始资料/M4_模板与工具/M4-02_NIH_Model_Consent_Template_Lead_Site_2026.docx,,正式模板 | 英文 | 2026年最新模板
M4-03,NIMH Documentation of Informed Consent Template,NIH/NIMH,当前官网,02_templates_and_associated_documents,template,B,institutional,知情同意过程记录模板,https://www.nimh.nih.gov/sites/default/files/documents/funding/clinical-research/clinical-research-toolbox/documents/nimh_documentation_of_informed_consent_template_v1_july_2019.docx,下载失败/待补,active,references/inbox/medical_teammate/原始资料/M4_模板与工具/M4-03_NIMH_Informed_Consent_Template_latest.docx,,正式模板 | 英文 | 以官网重定向后的当前文件为准
M4-04,Statistical Analysis Plan Policy,NIH/NIAID,当前官网,02_templates_and_associated_documents,template,B,institutional,SAP起草、定稿和变更管理要求,https://www.niaid.nih.gov/sites/default/files/statistical-analysis-plan.pdf,下载失败/待补,active,references/inbox/medical_teammate/原始资料/M4_模板与工具/M4-04_NIAID_Statistical_Analysis_Plan_Policy.html,,政策/工具 | 英文 | 官网现行文件
M4-05,Qualitative Protocol Development Tool,UK Health Research Authority,当前官网,02_templates_and_associated_documents,template,B,institutional,定性研究方案编写框架,https://www.hra.nhs.uk/documents/324/qualitative-protocol-development-tool.docx,已下载,active,references/inbox/medical_teammate/原始资料/M4_模板与工具/M4-05_HRA_Qualitative_Protocol_Development_Tool.docx,,正式模板 | 英文 | 官网当前模板
MED-002,ICH M11 Clinical electronic Structured Harmonised Protocol CeSHarP final template,ICH,2025,02_templates_and_associated_documents,template,A,regulatory,Public protocol section structure and document unit mapping,https://database.ich.org/sites/default/files/ICH_Step4_M11_Final_Template_2025_1119.pdf,public_pdf,active,references/inbox/medical/ICH_M11_Final_Template_2025.pdf | references/inbox/medical_teammate/原始资料/M1_法规伦理与报告规范/M1-09_ICH_M11_Protocol_Template_2025.pdf,M1-09,正式模板 | 英文 | 2025年正式模板
MED-012,Clinical Trial Protocol Template,NIH-FDA,2021,02_templates_and_associated_documents,template,B,institutional,Public clinical trial protocol template,https://www.fda.gov/media/152143/download,public_pdf,active,references/inbox/medical/NIH_FDA_Clinical_Trial_Protocol_Template.pdf,,
SOA-001,"SPIRIT schedule of enrolment, interventions, and assessments template",SPIRIT Statement,2013,02_templates_and_associated_documents,template,B,institutional,Canonical schedule of enrolment/interventions/assessments table,https://www.spirit-statement.org/wp-content/uploads/2013/01/SPIRIT-Figure.doc,public_doc,active,references/inbox/associated_documents/SPIRIT_schedule_figure_template.doc,,
SOA-002,CONSORT-SPIRIT participant timeline explanation,CONSORT-SPIRIT,2026,02_templates_and_associated_documents,guideline_page,B,institutional,"Rationale for participant timeline, visit schedule and burden checks",https://www.consort-spirit.org/item18-participanttimeline,public_html,active,references/inbox/associated_documents/CONSORT_SPIRIT_participant_timeline.html,,
SOA-003,BU Schedule of Events tool,Boston University Medical Campus,2023,02_templates_and_associated_documents,template,B,institutional,Schedule-of-events table template for protocol and manual of procedures,https://www.bumc.bu.edu/crro/files/2023/09/CRRO-Tool_Schedule-of-Events_9122023.docx,public_docx,active,references/inbox/associated_documents/BU_Schedule_of_Events_2023.docx,,
SOA-004,Allina Health instructions for the Schedule of Events,Allina Health,2026,02_templates_and_associated_documents,guide,B,institutional,Practical schedule-of-events instructions and protocol care-plan mapping,https://www.allinahealth.org/-/media/allina-health/files/for-medical-professionals/instructions-for-the-schedule-of-events.doc,public_doc,active,references/inbox/associated_documents/Allina_schedule_of_events_instructions.doc,,
SOA-005,UAB simplified clinical trial protocol template,University of Alabama at Birmingham,2026,02_templates_and_associated_documents,template,B,institutional,Protocol template containing Schedule of Activities section,https://www.uab.edu/ccts/images/kiosk/Simplified_clinical_trial_protocol_template.docx,public_docx,active,references/inbox/associated_documents/UAB_simplified_clinical_trial_protocol_template.docx,,
SOA-006,UAB all clinical trial templates and tools,University of Alabama at Birmingham,2026,02_templates_and_associated_documents,template_index,B,institutional,Protocol-driven source document and schedule-of-activities workflow context,https://www.uab.edu/ccts/clinical-trials-kiosk/all-templates-and-tools,public_html,active,references/inbox/associated_documents/UAB_all_templates_and_tools.html,,
SOA-007,Automated protocol templates with efficient schedule of activities,PMC,2025,02_templates_and_associated_documents,open_access_article,B,institutional,Method evidence for automated protocol templates and SoA generation,https://pmc.ncbi.nlm.nih.gov/articles/PMC12167819/,public_html,active,references/inbox/associated_documents/PMC_automated_protocol_templates_SoA_2025.html,,
SOA-008,SPIRIT 2025 statement updated guideline for protocols,PMC,2025,02_templates_and_associated_documents,open_access_guideline,B,institutional,Updated SPIRIT checklist and participant timeline context,https://pmc.ncbi.nlm.nih.gov/articles/PMC12035670/,public_html,active,references/inbox/associated_documents/PMC_SPIRIT_2025_statement.html,,
SOA-009,ClinicalTrials.gov public protocol with schedule of activities,ClinicalTrials.gov,2019,02_templates_and_associated_documents,public_example_document,B,institutional,Public example of protocol and SAP containing SoA section,https://cdn.clinicaltrials.gov/large-docs/86/NCT04671186/Prot_SAP_000.pdf,public_pdf,active,references/inbox/associated_documents/ClinicalTrialsGov_public_protocol_SoA_NCT04671186.pdf,,
SOA-010,SPIRIT-PRO protocol template,The PROTEUS Consortium,2023,02_templates_and_associated_documents,template,B,institutional,PRO assessment schedule and time-window requirements,https://theproteusconsortium.org/wp-content/uploads/2023/02/230220-SPIRIT-PRO-PROtocol-template.pdf,public_pdf,active,references/inbox/associated_documents/SPIRIT_PRO_protocol_template_2023.pdf,,
STD-001,Clinical Content and Reuse Assets Clinical Studies,TransCelerate BioPharma,2026,02_templates_and_associated_documents,template_suite,B,institutional,Common Protocol Template SAP and CSR template ecosystem,https://www.transceleratebiopharmainc.com/assets/clinical-content-reuse-solutions/,public_html,active,references/inbox/medical/TransCelerate_Clinical_Content_Reuse_Assets.html | references/inbox/associated_documents/TransCelerate_clinical_content_reuse_assets.html | references/inbox/public_sources/associated_documents/ASSOC-025_transcelerate_clinical_content_reuse_assets.html,ADOC-006 | ASSOC-025,
STD-009,Protocol Templates for Clinical Trials,NIH,2024,02_templates_and_associated_documents,template_page,B,institutional,Public NIH page for clinical trial protocol templates and e-protocol tool,https://grants.nih.gov/policy-and-compliance/policy-topics/clinical-trials/protocol-template,public_html,active,references/inbox/medical/NIH_Protocol_Templates.html,,
STD-010,Protocol Templates,University of Wisconsin IRB,2026,02_templates_and_associated_documents,template_page,B,institutional,Public list of protocol templates including NIH and NCI references,https://irb.wisc.edu/manual/investigator-manual/irb-review-requirements-and-application-types/human-research-requiring-a-protocol/protocol-templates/,public_html,active,references/inbox/medical/Wisconsin_IRB_Protocol_Templates.html,,
STD-011,Diversity Inclusion and Equity Overlay for TransCelerate Common Protocol Template,MRCT Center,2022,02_templates_and_associated_documents,template_overlay,B,institutional,Shows how protocol templates can be extended by domain-specific overlays,https://mrctcenter.org/resource/diversity-inclusion-and-equity-in-clinical-research-diversity-inclusion-overlay-transcelerates-common-protocol-template/,public_html,active,references/inbox/medical/MRCT_Diversity_Overlay_CPT.html,,
STAND-013,CDISC Digital Data Flow for Clinical Trial Protocols,CDISC,2026,03_data_standards_and_structured_protocols,standards_body_page,A,standards_body,Standards evidence that clinical protocols are moving toward digital data flow and structured study definitions.,https://www.cdisc.org/ddf,public_web,active,references/inbox/public_sources/standards/STAND-013_cdisc_ddf.html,,
STAND-014,CDISC USDM Onboarding Package,CDISC,2026,03_data_standards_and_structured_protocols,standards_body_page,A,standards_body,USDM implementation support evidence for machine-readable study definition adoption.,https://www.cdisc.org/education/usdm-onboarding-package,public_web,active,references/inbox/public_sources/standards/STAND-014_cdisc_usdm_onboarding.html,,
STAND-015,CDISC USDM GitHub Package,CDISC,2026,03_data_standards_and_structured_protocols,official_github_repository,A,standards_body,Implementation reference for USDM deliverables and structured study definition models.,https://github.com/cdisc-org/usdm,public_web,active,references/inbox/public_sources/standards/STAND-015_cdisc_usdm_github.html,,
STAND-016,TransCelerate Digital Data Flow Initiative,TransCelerate BioPharma,2026,03_data_standards_and_structured_protocols,industry_initiative_page,A,standards_body,Industry evidence for moving from document-centric to data-centric clinical trial protocol digitalization.,https://www.transceleratebiopharmainc.com/initiatives/digital-data-flow/,public_web,active,references/inbox/public_sources/standards/STAND-016_transcelerate_ddf.html,,
STD-002,Clinical Content and Reuse,TransCelerate BioPharma,2026,03_data_standards_and_structured_protocols,initiative_page,A,standards_body,Harmonized model content across protocol SAP and CSR,https://www.transceleratebiopharmainc.com/initiatives/clinical-content-reuse/,public_html,active,references/inbox/medical/TransCelerate_Clinical_Content_Reuse.html | references/inbox/associated_documents/TransCelerate_clinical_content_reuse.html | references/inbox/public_sources/associated_documents/ASSOC-026_transcelerate_clinical_content_reuse_initiative.html,ADOC-007 | ASSOC-026,
STD-003,Common Protocol Template Now Available,TransCelerate BioPharma,2016,03_data_standards_and_structured_protocols,news_page,A,standards_body,History and availability of Common Protocol Template resources,https://www.transceleratebiopharmainc.com/news-center/common-protocol-template-now-available/,public_html,active,references/inbox/medical/TransCelerate_CPT_Now_Available.html,,
STD-004,CPT 101 An Introduction to the Common Protocol Template,TransCelerate BioPharma,2018,03_data_standards_and_structured_protocols,event_page,A,standards_body,Simple description of CPT as harmonized protocol format and content,https://www.transceleratebiopharmainc.com/events/cpt-101-introduction-common-protocol-template-3/,public_html,active,references/inbox/medical/TransCelerate_CPT_101.html | references/inbox/public_sources/standards/STAND-017_transcelerate_cpt_101.html,STAND-017,
STD-005,PRM Protocol Representation Model,CDISC,2026,03_data_standards_and_structured_protocols,standard_page,A,standards_body,Standard for machine-readable protocol representation,https://www.cdisc.org/standards/foundational/protocol,public_html,active,references/inbox/medical/CDISC_PRM.html,,
STD-006,CDISC PRM Toolset v1,CDISC,2026,03_data_standards_and_structured_protocols,toolset_page,A,standards_body,Public toolset for protocol representation model,https://www.cdisc.org/cdisc-prm-toolset-v1.0,public_html,active,references/inbox/medical/CDISC_PRM_Toolset_v1.html,,
STD-007,Trial Master File Standard,CDISC,2026,03_data_standards_and_structured_protocols,standard_page,A,standards_body,Standardized TMF structure and terminology for audit-ready trial documents,https://www.cdisc.org/tmf,public_html,active,references/inbox/medical/CDISC_TMF_Standard.html,,
STD-008,Trial Master File Reference Model,CDISC,2026,03_data_standards_and_structured_protocols,standard_page,A,standards_body,TMF taxonomy and metadata source for document dependency and audit context,https://www.cdisc.org/standards/trial-master-file-reference-model,public_html,active,references/inbox/medical/CDISC_TMF_Reference_Model.html,,
STD-012,Developing generic templates to shape the future for conducting platform trials,PMC,2024,03_data_standards_and_structured_protocols,research_article,A,standards_body,Public evidence for template standardization and platform-trial template design,https://pmc.ncbi.nlm.nih.gov/articles/PMC10956223/,public_html,active,references/inbox/medical/Platform_Trial_Generic_Templates_PMC.html,,
AI-001,From RAGs to riches: Using large language models to write documents for clinical trials,arXiv,2024,04_ai_methods_and_governance,preprint,C,literature,LLM and RAG baseline for clinical trial document authoring,https://arxiv.org/pdf/2402.16406,public_pdf,active,references/inbox/ai_protocol_authoring/Markey_RAGs_to_riches_clinical_trial_documents_2024.pdf,,
AI-002,Clinical Trials Protocol Authoring using LLMs,arXiv,2024,04_ai_methods_and_governance,preprint,C,literature,Protocol authoring baseline and LLM workflow comparison,https://arxiv.org/pdf/2404.05044,public_pdf,active,references/inbox/ai_protocol_authoring/Clinical_trials_protocol_authoring_using_LLMs_2024.pdf,,
AI-003,Large Language Models for Clinical Trial Protocol Assessments,PMC,2026,04_ai_methods_and_governance,open_access_article,C,literature,Evidence that LLMs can assess SAP and protocol-related content,https://pmc.ncbi.nlm.nih.gov/articles/PMC12816432/,public_html,active,references/inbox/ai_protocol_authoring/PMC_LLMs_for_clinical_trial_protocol_assessments.html,,
AI-004,Large language models in clinical trials: applications and challenges,PMC,2025,04_ai_methods_and_governance,open_access_article,C,literature,Broad review of LLM applications and risk boundaries in clinical trials,https://pmc.ncbi.nlm.nih.gov/articles/PMC12522288/,public_html,active,references/inbox/ai_protocol_authoring/PMC_LLMs_in_clinical_trials_review.html,,
AI-005,Revolutionizing Clinical Trials with Intelligent Protocol Automation,PHUSE / LexJansen,2025,04_ai_methods_and_governance,conference_paper,C,literature,Industry-style intelligent protocol automation reference,https://www.lexjansen.com/phuse-us/2025/ml/PAP_ML08.pdf,public_pdf,active,references/inbox/ai_protocol_authoring/PHUSE_intelligent_protocol_automation_2025.pdf,,
AI-006,Using Large Language Models to Assess the Consistency of Randomized Controlled Trials on AI Interventions,JMIR,2025,04_ai_methods_and_governance,open_access_article,C,literature,Method reference for LLM-based consistency assessment and deterministic API evaluation,https://www.jmir.org/2025/1/e72412,public_html,active,references/inbox/ai_protocol_authoring/JMIR_LLM_consistency_RCT_AI_interventions_2025.html,,
AI-007,AI-Driven Protocol Authoring Accelerates Phase III Clinical Trials,AlphaLifeSci,2025,04_ai_methods_and_governance,industry_article,C,literature,Competitor narrative for cross-section consistency and structured protocol authoring,https://alphalifesci.com/blog/blueprint-for-breakthrough-ai-driven-protocol-authoring-accelerates-phase-iii-clinical-trials,public_html,active,references/inbox/ai_protocol_authoring/AlphaLifeSci_AI_driven_protocol_authoring.html,,
GOV-001,Reflection paper on the use of artificial intelligence in the medicinal product lifecycle,European Medicines Agency,2024,04_ai_methods_and_governance,regulatory_reflection,C,literature,AI governance and human oversight for medicinal product lifecycle,https://www.ema.europa.eu/en/documents/scientific-guideline/reflection-paper-use-artificial-intelligence-ai-medicinal-product-lifecycle_en.pdf,public_pdf,active,references/inbox/ai_governance/EMA_AI_Medicinal_Product_Lifecycle_Reflection.pdf | references/inbox/medical_teammate/原始资料/M3_协议审查与AI治理/M3-03_EMA_AI_Medicinal_Product_Lifecycle_2024.pdf,M3-03,正式反思文件 | 英文 | 当前采纳版
GOV-002,Considerations for the Use of Artificial Intelligence to Support Regulatory Decision-Making for Drug and Biological Products,US FDA,2025,04_ai_methods_and_governance,guidance_page,C,literature,AI credibility and regulatory decision-support risk framing,https://www.fda.gov/regulatory-information/search-fda-guidance-documents/considerations-use-artificial-intelligence-support-regulatory-decision-making-drug-and-biological,public_html,active,references/inbox/ai_governance/FDA_AI_Regulatory_Decision_Making.html,,
GOV-003,Ethics and governance of artificial intelligence for health,World Health Organization,2021,04_ai_methods_and_governance,governance_report,C,literature,Health AI ethics privacy accountability and human oversight,https://www.who.int/publications/i/item/9789240029200,public_html,active,references/inbox/ai_governance/WHO_AI_Health_Ethics.html,,
GOV-005,Good Machine Learning Practice for Medical Device Development Guiding Principles,FDA Health Canada MHRA,2021,04_ai_methods_and_governance,guiding_principles,C,literature,AI lifecycle and quality principles as analogy not direct drug-document rule,https://www.fda.gov/medical-devices/software-medical-device-samd/good-machine-learning-practice-medical-device-development-guiding-principles,public_html,active,references/inbox/ai_governance/FDA_GMLP_Guiding_Principles.html,,
M3-01,Ethics and Governance of Artificial Intelligence for Health,WHO,2021,04_ai_methods_and_governance,governance_or_benchmark,C,literature,AI健康应用的伦理原则和治理框架,https://iris.who.int/bitstream/handle/10665/341996/9789240029200-eng.pdf,local_snapshot_mismatch,metadata_only,references/inbox/medical_teammate/原始资料/M3_协议审查与AI治理/M3-01_WHO_Ethics_Governance_AI_Health_2021.pdf,,正式版 | 英文 | WHO基础治理指南 | 人工复核确认：本地 PDF 实际为 M1-11 的 WHO Clinical Trials Best Practices 文件，并非 2021 WHO AI for Health ethics guidance；重新下载前不得用于知识库全文检索。 | File content duplicates M1-11.
M3-02,Ethics and Governance of AI for Health: Guidance on Large Multi-Modal Models,WHO,2024,04_ai_methods_and_governance,governance_or_benchmark,C,literature,大模型在医疗和研究中的风险、责任和监管,https://iris.who.int/bitstream/handle/10665/375579/9789240084759-eng.pdf,local_snapshot_mismatch,metadata_only,references/inbox/medical_teammate/原始资料/M3_协议审查与AI治理/M3-02_WHO_Large_Multi_Modal_Models_Health_2024.pdf,,正式版 | 英文 | WHO最新大模型专项指南 | 人工复核确认：本地 PDF 实际为 M1-11 的 WHO Clinical Trials Best Practices 文件，并非 2024 WHO large multi-modal models guidance；重新下载前不得用于知识库全文检索。 | File content duplicates M1-11.
M3-04,"New Benchmarks on Protocol Amendment Practices, Trends and their Impact",Tufts CSDD,2024,04_ai_methods_and_governance,governance_or_benchmark,C,literature,协议变更发生率、数量、周期和运营影响基准,https://assets-eu.researchsquare.com/files/rs-3168679/v1/f724a62e-b5ca-4d1e-9f95-5d005e9350c8.pdf?c=1710169728,已下载,active,references/inbox/medical_teammate/原始资料/M3_协议审查与AI治理/M3-04_Tufts_Protocol_Amendment_Benchmarks_2024_preprint.pdf,,预印本 | 英文 | 已有2024同行评审发表版本；本地为公开预印本
M3-05,临床试验期间方案变更技术指导原则（试行）,国家药监局药审中心,2022,04_ai_methods_and_governance,governance_or_benchmark,C,literature,中国方案变更分类、评估与沟通要求,https://www.cnppa.org/Public/editor/attached/file/20220624/20220624044825_55450.pdf,下载失败/待补,active,references/inbox/medical_teammate/原始资料/M3_协议审查与AI治理/M3-05_CDE_临床试验期间方案变更技术指导原则_试行_2022.html,,试行正式发布 | 中文 | 原发布机构为CDE；附件由行业协会公开镜像
M3-06,Considerations for AI to Support Regulatory Decision-Making for Drug and Biological Products,FDA,2025,04_ai_methods_and_governance,governance_or_benchmark,C,literature,AI模型可信性评估、使用情境和风险分级,https://www.fda.gov/media/190192/download,下载失败/待补,active,references/inbox/medical_teammate/原始资料/M3_协议审查与AI治理/M3-06_FDA_AI_Regulatory_Decision_Making_DRAFT_2025.pdf,,草案 | 英文 | 草案；不可作为最终实施文件
BUR-001,Multidisciplinary Approach to Protocol Writing,Applied Clinical Trials,2026,05_industry_competitors_and_value,industry_article,D,industry,Public statement on protocol-writing process and approximate writing duration,https://www.appliedclinicaltrialsonline.com/view/multidisciplinary-approach-protocol-writing,public_html,active,references/inbox/business/AppliedClinicalTrials_Multidisciplinary_Protocol_Writing.html,,
BUR-002,Controlling complexity for regulator-ready protocol,ICON plc,2025,05_industry_competitors_and_value,industry_article,D,industry,Protocol complexity and amendment cost narrative with Tufts CSDD references,https://www.iconplc.com/insights/blog/2025/04/09/controlling-complexity-regulator-ready-protocol,public_html,active,references/inbox/business/ICON_Regulator_Ready_Protocol_Complexity.html,,
BUR-003,Shining a Light on the Inefficiencies in Amendment Implementation,Applied Clinical Trials,2026,05_industry_competitors_and_value,industry_article,D,industry,Amendment implementation delays and cross-functional burden context,https://www.appliedclinicaltrialsonline.com/view/shining-a-light-on-the-inefficiencies-in-amendment-implementation,public_html,active,references/inbox/business/AppliedClinicalTrials_Amendment_Inefficiencies.html,,
BUR-004,Cost of Protocol Amendments How Changes Penalize Learning in Phase 1,Prelude EDC,2026,05_industry_competitors_and_value,vendor_article,D,industry,Public amendment frequency and delay claims citing Tufts and Getz work,https://preludeedc.com/resource/cost-of-protocol-amendments-phase-1/,public_html,active,references/inbox/business/PreludeEDC_Cost_of_Protocol_Amendments.html | references/inbox/business/Prelude_cost_of_protocol_amendments_phase1.html,BURDEN-014,
BUR-005,What Structured Content Means for Medical Writers,Docuvera,2025,05_industry_competitors_and_value,industry_article,D,industry,Structured content components metadata and reuse framing,https://docuvera.com/blog/structured-content-for-medical-writers/,public_html,active,references/inbox/business/Docuvera_Structured_Content_Medical_Writers.html,,
BUR-006,Structured Content Authoring in Pharma,Echo360,2026,05_industry_competitors_and_value,industry_article,D,industry,Structured authoring compliance templates controlled vocabulary and workflow framing,https://echo360.com/articles/structured-content-authoring-pharma-tools/,public_html,active,references/inbox/business/Echo360_Structured_Content_Authoring_Pharma.html,,
BUR-007,AI and medical writing Unlocking value for life sciences,Deloitte,2026,05_industry_competitors_and_value,industry_article,D,industry,Industry view that GenAI and structured content authoring may become content intelligence,https://www.deloitte.com/us/en/industries/life-sciences-health-care/articles/gen-ai-and-medical-writing.html,public_html,active,references/inbox/business/Deloitte_GenAI_Medical_Writing.html,,
BUR-008,AI Medical Writing Software Protocol and CSR Automation,AlphaLifeSci,2026,05_industry_competitors_and_value,product_page,D,industry,Competitor claim around source-grounded protocol/SAP/TFL reuse and QC checks,https://alphalifesci.com/products/auroraprime-rma/medical-writing,public_html,active,references/inbox/business/AlphaLifeSci_AuroraPrime_Medical_Writing.html,,
BUR-009,Protocol Writing in Clinical Research,PMC,2016,05_industry_competitors_and_value,research_article,D,industry,Open educational article on protocol writing requirements and standard steps,https://pmc.ncbi.nlm.nih.gov/articles/PMC5198475/,public_html,active,references/inbox/medical/Protocol_Writing_in_Clinical_Research_PMC.html,,
BUR-010,Clinical Trial Protocol Development Services,Quanticate,2026,05_industry_competitors_and_value,service_page,D,industry,Public CRO description of protocol synopsis and full protocol development workflow,https://www.quanticate.com/clinical-trial-protocol-development,public_html,active,references/inbox/business/Quanticate_Protocol_Development.html,,
BURDEN-011,"Impact of Protocol Amendments, Personnel Experience and Social Support on Clinical Trial Site Performance",PMC,2025,05_industry_competitors_and_value,open_access_article,D,industry,"Evidence for amendment, complexity and operational performance burden",https://pmc.ncbi.nlm.nih.gov/articles/PMC12579691/,public_html,active,references/inbox/business/PMC_protocol_amendments_site_performance_2025.html,,
BURDEN-012,Assessing Protocol Complexity and its Impact on Trial Outcomes,IQVIA,2026,05_industry_competitors_and_value,industry_article,D,industry,"Recent industry framing of protocol complexity, burden and amendments",https://www.iqvia.com/blogs/2026/01/assessing-protocol-complexity-and-its-impact-on-trial-outcomes,public_html,active,references/inbox/business/IQVIA_protocol_complexity_trial_outcomes_2026.html,,
BURDEN-013,The Amendment Trap: why clinical trials face costly protocol changes,Precision for Medicine,2025,05_industry_competitors_and_value,industry_article,D,industry,Amendment cost narrative and risk framing,https://www.precisionformedicine.com/blog/the-amendment-trap-why-76-of-clinical-trials-face-six-figure-protocol-changes,public_html,active,references/inbox/business/Precision_for_Medicine_amendment_trap.html,,
BURDEN-015,The Rising Complexity of Study Design,CRIO,2025,05_industry_competitors_and_value,industry_article,D,industry,Study complexity and deviation/rework narrative,https://clinicalresearch.io/blog/the-rising-complexity-of-study-design-what-it-means-for-clinical-research-sites/,public_html,active,references/inbox/business/CRIO_rising_complexity_study_design.html,,
BUS-001,Veeva Clinical Operations,Veeva Systems,2026,05_industry_competitors_and_value,product_page,D,industry,Unified clinical operations competitor context,https://www.veeva.com/products/clinical-operations/,public_html,active,references/inbox/business/Veeva_Clinical_Operations.html | references/inbox/business/Veeva_AI_clinical_operations.html,COMP-009,
BUS-002,Veeva Clinical Platform,Veeva Systems,2026,05_industry_competitors_and_value,product_page,D,industry,Platform-level competitor context,https://www.veeva.com/products/veeva-clinical-platform/,public_html,active,references/inbox/business/Veeva_Clinical_Platform.html,,
BUS-003,Veeva Disclosures Creating Registrations and Protocols,Veeva Vault Help,2025,05_industry_competitors_and_value,product_documentation,D,industry,Protocol and registration record handling comparison,https://clinical.veevavault.help/en/lr/899718/,public_html,active,references/inbox/business/Veeva_Registrations_Protocols_Help.html,,
BUS-004,Oracle Clinical One overview solution brief,Oracle,2021,05_industry_competitors_and_value,product_sheet,D,industry,Unified eClinical platform competitor evidence,https://www.oracle.com/a/ocom/docs/industries/life-sciences/clinical-one-overview-solution-brief.pdf,public_pdf,active,references/inbox/business/Oracle_Clinical_One_Overview.pdf,,
BUS-005,Oracle Clinical Trial Data Collection,Oracle,2026,05_industry_competitors_and_value,product_page,D,industry,Protocol change and trial setup platform context,https://www.oracle.com/ae/life-sciences/clinical-trial-data-collection/,public_html,active,references/inbox/business/Oracle_Clinical_Trial_Data_Collection.html,,
BUS-006,Applying Protocol Amendments to Sites and Clinical Subjects,Oracle Documentation,2026,05_industry_competitors_and_value,product_documentation,D,industry,Concrete downstream objects affected by protocol amendment,https://docs.oracle.com/cd/G26828_01/books/CTMS/c-Applying-Protocol-Amendments-to-Sites-and-Clinical-Subjects--ad1003746.html,public_html,active,references/inbox/business/Oracle_Applying_Protocol_Amendments.html,,
BUS-007,Medidata AI,Medidata,2026,05_industry_competitors_and_value,product_page,D,industry,AI across clinical trial lifecycle competitor context,https://www.medidata.com/en/clinical-trial-products/medidata-ai/,public_html,active,references/inbox/business/Medidata_AI.html,,
BUS-008,Medidata Clinical Data Studio,Medidata,2026,05_industry_competitors_and_value,product_page,D,industry,AI-assisted clinical data review adjacent competitor,https://www.medidata.com/en/data-experience/clinical-data-studio/,public_html,active,references/inbox/business/Medidata_Clinical_Data_Studio.html,,
BUS-009,AI in Clinical Study Builds redefining EDC efficiency,Medidata,2025,05_industry_competitors_and_value,blog_product,D,industry,Turning static protocol documents into dynamic collection structures,https://www.medidata.com/en/life-science-resources/medidata-blog/ai-study-build/,public_html,active,references/inbox/business/Medidata_AI_Study_Build.html,,
BUS-010,Clinical Data Studio press release,Medidata and Dassault Systemes,2024,05_industry_competitors_and_value,press_release,D,industry,Vendor claim for AI data review and reconciliation,https://www.3ds.com/newsroom/press-releases/medidata-launches-clinical-data-studio-leveraging-ai-modernize-data-experience-clinical-trials,public_html,active,references/inbox/business/Medidata_Clinical_Data_Studio_PR.html,,
BUS-011,Kitsa AI-powered clinical trial documentation,Kitsa,2026,05_industry_competitors_and_value,product_page,D,industry,Direct AI protocol and regulatory writing competitor,https://kitsa.ai/resources/ai-powered-documentation,public_html,active,references/inbox/business/Kitsa_AI_Documentation.html,,
BUS-012,Kitsa Tech Mahindra agentic AI medical writing partnership,Tech Mahindra and Kitsa,2026,05_industry_competitors_and_value,press_release,D,industry,Agentic AI medical writing market signal,https://www.techmahindra.com/insights/news/kitsa-and-tech-mahindra-collaborate-for-next-gen-pharma-solutions/,public_html,active,references/inbox/business/Kitsa_TechMahindra_Partnership.html,,
BUS-013,Clinical Trial Protocol Optimization with Generative AI,Clinion,2025,05_industry_competitors_and_value,vendor_blog,D,industry,Vendor framing of generative AI protocol optimization,https://www.clinion.com/insight/simplifying-clinical-trial-protocol-with-genai/,public_html,active,references/inbox/business/Clinion_GenAI_Protocol.html,,
BUS-014,Kitsa Blog Index,Kitsa,2026,05_industry_competitors_and_value,blog_index,D,industry,Competitor vocabulary around clinical trial documentation,https://kitsa.ai/blog,public_html,active,references/inbox/business/Kitsa_Blog_Index.html,,
BUS-015,Medical Writing Automatic Clinical Protocol Generation,CARA Life Sciences,2026,05_industry_competitors_and_value,product_page,D,industry,Component authoring and protocol generation comparator,https://www.caralifesciences.generiscorp.com/clinical-solutions/medical-writing-automatic-clinical-protocol-generation/,public_html,active,references/inbox/business/CARA_Automatic_Protocol_Generation.html,,
BUS-016,TrialAssure clinical data transparency software leader,TrialAssure,2026,05_industry_competitors_and_value,product_page,D,industry,Clinical transparency and disclosure adjacent competitor,https://trialassure.com/,public_html,active,references/inbox/business/TrialAssure_Home.html,,
BUS-017,TrialAssure ANONYMIZE data anonymization transparency software,TrialAssure,2026,05_industry_competitors_and_value,product_page,D,industry,Privacy and anonymization adjacent product,https://trialassure.com/software/anonymize/,public_html,active,references/inbox/business/TrialAssure_Anonymize.html,,
BUS-018,Narrativa Clinical Atlas protocol clinical trials automation with AI agents,Narrativa,2026,05_industry_competitors_and_value,product_blog,C,literature,Protocol automation with specialized AI agents market signal,https://www.narrativa.com/protocol-clinical-trials-automation-with-ai-agents/,public_html,active,references/inbox/business/Narrativa_Protocol_AI_Agents.html | references/inbox/ai_protocol_authoring/Narrativa_AI_agents_protocol_automation.html,AI-008,
BUS-019,Paperguide Clinical Trial Design and Protocol Writing,Paperguide,2026,05_industry_competitors_and_value,product_page,D,industry,Research-backed protocol writing competitor,https://paperguide.ai/solutions/clinical-trails/,public_html,active,references/inbox/business/Paperguide_Clinical_Trials.html,,
BUS-020,Clinical Trials Protocol Authoring using LLMs,arXiv,2024,05_industry_competitors_and_value,research_preprint,D,industry,LLM-assisted protocol authoring technical baseline,https://arxiv.org/abs/2404.05044,public_html,active,references/inbox/business/Clinical_Trials_Protocol_Authoring_LLMs_arXiv.html,,
BUS-021,CoAuthor Life Science GenAI Software for Medical Writing,Certara,2026,05_industry_competitors_and_value,product_page,D,industry,Direct regulatory and medical writing GenAI competitor,https://www.certara.com/coauthor/,public_html,active,references/inbox/business/Certara_CoAuthor.html,,
BUS-022,Certara Launches CoAuthor a Regulatory and Medical Writing Tool,Certara,2023,05_industry_competitors_and_value,press_release,D,industry,Launch source for CoAuthor positioning in clinical trial documents,https://www.certara.com/announcement/certara-launches-coauthor-a-regulatory-and-medical-writing-tool/,public_html,active,references/inbox/business/Certara_CoAuthor_Launch.html,,
BUS-023,CoAuthor Factsheet,Certara,2026,05_industry_competitors_and_value,fact_sheet,D,industry,Structured content authoring and Microsoft Word integration competitor evidence,https://www.certara.com/fact-sheet/coauthor/,public_html,active,references/inbox/business/Certara_CoAuthor_Factsheet.html,,
BUS-024,Medical Writing Automation,Yseop,2026,05_industry_competitors_and_value,product_page,D,industry,Medical writing automation competitor focused on reports and narratives,https://yseop.com/medical-writing-automation/,public_html,active,references/inbox/business/Yseop_Medical_Writing_Automation.html,,
BUS-025,Clinical Document Automation,Yseop,2026,05_industry_competitors_and_value,product_page,D,industry,AI-based NLG clinical document automation competitor,https://yseop.com/solutions/life-sciences/clinical/,public_html,active,references/inbox/business/Yseop_Clinical_Document_Automation.html,,
BUS-026,Welcome to Yseop Copilot,Yseop,2026,05_industry_competitors_and_value,product_page,D,industry,Regulatory authoring workflow automation and Word/Veeva integration evidence,https://yseop.com/automate-medical-regulatory-authoringworkflows/,public_html,active,references/inbox/business/Yseop_Copilot.html,,
BUS-027,eTMF Features Built for a Better Clinical Trial,Montrium,2026,05_industry_competitors_and_value,product_page,D,industry,Document management and artifact linking competitor context,https://www.montrium.com/etmf-connect-features,public_html,active,references/inbox/business/Montrium_eTMF_Connect_Features.html,,
BUS-028,Montrium clinical operations platform,Montrium,2026,05_industry_competitors_and_value,product_page,D,industry,Cloud eTMF eQMS and RIM platform competitor evidence,https://www.montrium.com/,public_html,active,references/inbox/business/Montrium_Home.html,,
BUS-029,eTMF Systems,MasterControl,2026,05_industry_competitors_and_value,product_page,D,industry,eTMF and clinical document management competitor context,https://www.mastercontrol.com/au/clinical/etmf-software-systems/,public_html,active,references/inbox/business/MasterControl_eTMF_Systems.html,,
BUS-030,MasterControl eTMF Manager,MasterControl,2026,05_industry_competitors_and_value,product_page,D,industry,Document control change control audit and risk management competitor context,https://www.mastercontrol.com/resource-center/documents/mastercontrol-etmf-manager/,public_html,active,references/inbox/business/MasterControl_eTMF_Manager.html,,
COMP-001,HumanTrue clinical trials quality copilot,HumanTrue,2026,05_industry_competitors_and_value,product_page,D,industry,"Direct competitor evidence for protocol quality, ambiguity and consistency positioning",https://humantrue.com/quality,public_html,active,references/inbox/business/HumanTrue_quality_copilot.html,,
COMP-002,Cori Clinical AI workspace for clinical trial documents,Cori Clinical,2026,05_industry_competitors_and_value,product_page,D,industry,"Direct competitor evidence for drafting, QC, review and change control across trial documents",https://www.cori-clinical.com/,public_html,active,references/inbox/business/Cori_Clinical_home.html,,
COMP-003,Cori Clinical ASSIST Word-centered authoring,Cori Clinical,2026,05_industry_competitors_and_value,product_page,D,industry,Competitor evidence for Word add-in and connected authoring workflow,https://www.cori-clinical.com/assist,public_html,active,references/inbox/business/Cori_Clinical_ASSIST.html,,
COMP-004,Cori Clinical REVIEW cross-document coherence,Cori Clinical,2026,05_industry_competitors_and_value,product_page,D,industry,Competitor evidence for document review and coherence across trial files,https://www.cori-clinical.com/review,public_html,active,references/inbox/business/Cori_Clinical_REVIEW.html,,
COMP-005,Clinials protocol intelligence platform,Clinials,2026,05_industry_competitors_and_value,product_page,D,industry,Competitor evidence for AI-powered protocol-to-structured-document generation,https://clinials.com/,public_html,active,references/inbox/business/Clinials_home.html,,
COMP-006,Clinials about protocol intelligence,Clinials,2026,05_industry_competitors_and_value,product_page,D,industry,Competitor evidence for extracting what matters from protocols and related documents,https://clinials.com/about-us,public_html,active,references/inbox/business/Clinials_about.html,,
COMP-007,Taimei Wiz-iCTA document management agent,Taimei Technology,2026,05_industry_competitors_and_value,product_page,D,industry,China competitor evidence for intelligent TMF document management and clinical operations workflow,https://cn.taimei.com/index/product/id/41,public_html,active,references/inbox/business/Taimei_Wiz_iCTA.html,,
COMP-008,Taimei ICH M11 and AI platform article,Taimei Technology,2026,05_industry_competitors_and_value,company_article,D,industry,"China market evidence for ICH M11, AI agents, iCTA, iDM, eCRF and structured clinical data workflows",https://cn.taimei.com/cn/6466,public_html,active,references/inbox/business/Taimei_ICH_M11_AI_platform.html,,
COMP-010,Evinova Study Document Assistant,Evinova,2026,05_industry_competitors_and_value,product_page,D,industry,Adjacent competitor evidence for study document assistant and documentation workflow improvement,https://evinova.com/sda,public_html,active,references/inbox/business/Evinova_study_document_assistant.html,,
COMP-011,IQVIA Protocol Design Optimization,IQVIA,2026,05_industry_competitors_and_value,official_product_page,D,industry,Adjacent competitor evidence for protocol design optimization and protocol risk assessment positioning.,https://www.iqvia.com/solutions/research-and-development/consulting/protocol-design-optimization,public_web,active,references/inbox/public_sources/business/COMP-011_iqvia_protocol_design_optimization.html,,
COMP-012,Medidata Protocol Optimization,Medidata,2026,05_industry_competitors_and_value,official_product_page,D,industry,Adjacent competitor evidence for AI-supported protocol optimization and proprietary cross-industry data positioning.,https://www.medidata.com/en/study-experience/protocol-optimization/,public_web,active,references/inbox/public_sources/business/COMP-012_medidata_protocol_optimization.html,,
COMP-013,Medidata Clinical Trial Analytics and Study Feasibility,Medidata,2026,05_industry_competitors_and_value,official_product_page,D,industry,"Adjacent platform evidence for feasibility, enrollment forecasting and site-level analytics.",https://www.medidata.com/en/study-experience/clinical-trial-analytics/,public_web,active,references/inbox/public_sources/business/COMP-013_medidata_clinical_trial_analytics.html,,
FS-001,欢迎使用飞书Aily,Feishu Aily,2026,06_platform_and_integration,product_manual,D,vendor_documentation,Feishu Aily as enterprise agent platform and deployment interface,https://aily.feishu.cn/hc/1u7kleqg/4q7o7as7,public_html,active,references/inbox/business/Feishu_Aily_Welcome.html,,
FS-002,Get started with Feishu Aily,Feishu,2026,06_platform_and_integration,product_manual,D,vendor_documentation,English Feishu Aily feature overview for competition integration,https://www.feishu.cn/hc/en-US/articles/790732948604-get-started-with-feishu-aily,public_html,active,references/inbox/business/Feishu_Aily_Get_Started_EN.html,,
FS-003,快速了解飞书Aily,Feishu,2026,06_platform_and_integration,product_manual,D,vendor_documentation,Chinese Feishu Aily overview and custom agent capability,https://www.feishu.cn/hc/zh-CN/articles/790732948604-%E5%BF%AB%E9%80%9F%E4%BA%86%E8%A7%A3%E9%A3%9E%E4%B9%A6-aily,public_html,active,references/inbox/business/Feishu_Aily_Quick_Start_ZH.html,,
FS-004,Use the AI Agent node in Workflow,Feishu,2026,06_platform_and_integration,workflow_manual,D,vendor_documentation,Workflow AI Agent node as orchestration interface,https://www.feishu.cn/hc/en-US/articles/643175485940-use-the-ai-agent-node-in-workflow,public_html,active,references/inbox/business/Feishu_AI_Agent_Node_Workflow.html,,
FS-005,企业级智能体开发平台定制你的AI专属工作助手,Feishu,2026,06_platform_and_integration,product_page,D,vendor_documentation,Official positioning for Aily skills knowledge data processing and enterprise integration,https://www.feishu.cn/content/3d5z9ttt,public_html,active,references/inbox/business/Feishu_Aily_Enterprise_Agent_Platform.html,,
FS-006,飞书智能伙伴平台Aily的对话模式,Feishu,2026,06_platform_and_integration,product_manual,D,vendor_documentation,Defines reasoning workflow knowledge QA and hybrid scheduling modes,https://www.feishu.cn/content/kdvbmrpn,public_html,active,references/inbox/business/Feishu_Aily_Conversation_Modes.html,,
FS-007,Use AI-generated text in Workflow and Automations,Feishu,2026,06_platform_and_integration,workflow_manual,D,vendor_documentation,Feishu workflow text generation and automation interface evidence,https://www.feishu.cn/hc/en-US/articles/902812682257-use-ai-generated-text-in-workflow-and-automations,public_html,active,references/inbox/business/Feishu_AI_Generated_Text_Workflow.html,,
FS-008,飞书知识库 AI赋能的企业级结构化知识管理工具,Feishu,2026,06_platform_and_integration,product_page,D,vendor_documentation,Feishu knowledge base as structured enterprise knowledge layer,https://www.feishu.cn/product/wiki,public_html,active,references/inbox/business/Feishu_Wiki_Knowledge_Base.html,,
FS-009,Use AI to build workflows in Base,Feishu,2026,06_platform_and_integration,workflow_manual,D,vendor_documentation,Base workflow generation by AI for low-code orchestration story,https://www.feishu.cn/hc/en-US/articles/317606642838-use-ai-to-build-workflows-in-base,public_html,active,references/inbox/business/Feishu_Base_AI_Workflow.html,,
FS-010,Overview of Feishu AI plans and AI quota usage rules,Feishu,2026,06_platform_and_integration,product_manual,D,vendor_documentation,Quota and plan constraints for deployment discussion,https://www.feishu.cn/hc/en-US/articles/629644238181-overview-of-feishu-ai-plans-and-ai-quota-usage-rules,public_html,active,references/inbox/business/Feishu_AI_Plans_Quota.html,,
INTERNAL-004,调研数据表,TrialCompiler project team,2026,08_internal_project_materials,team_attachment,INTERNAL,project,"Internal synthesis, planning, or competition submission support",,project_internal,active,docs/attachments/20260717/business/调研数据表.xlsx,,Not an external authority; do not cite as regulatory evidence.
INTERNAL-005,附件-TrialCompiler项目风险与质量控制,TrialCompiler project team,2026,08_internal_project_materials,team_attachment,INTERNAL,project,"Internal synthesis, planning, or competition submission support",,project_internal,active,docs/attachments/20260717/business/附件-TrialCompiler项目风险与质量控制.docx,,Not an external authority; do not cite as regulatory evidence.
INTERNAL-006,附件-价值测算模型与基线数据表,TrialCompiler project team,2026,08_internal_project_materials,team_attachment,INTERNAL,project,"Internal synthesis, planning, or competition submission support",,project_internal,active,docs/attachments/20260717/business/附件-价值测算模型与基线数据表.docx,,Not an external authority; do not cite as regulatory evidence.
INTERNAL-007,附件-用户反馈与行业专家访谈综合分析,TrialCompiler project team,2026,08_internal_project_materials,team_attachment,INTERNAL,project,"Internal synthesis, planning, or competition submission support",,project_internal,active,docs/attachments/20260717/business/附件-用户反馈与行业专家访谈综合分析.docx,,Not an external authority; do not cite as regulatory evidence.
INTERNAL-008,附件-行业分析报告,TrialCompiler project team,2026,08_internal_project_materials,team_attachment,INTERNAL,project,"Internal synthesis, planning, or competition submission support",,project_internal,active,docs/attachments/20260717/business/附件-行业分析报告.docx,,Not an external authority; do not cite as regulatory evidence.
INTERNAL-010,TrialCompiler_附件资料任务清单,TrialCompiler project team,2026,08_internal_project_materials,team_attachment,INTERNAL,project,"Internal synthesis, planning, or competition submission support",,project_internal,active,docs/attachments/20260717/TrialCompiler_附件资料任务清单.xlsx,,Not an external authority; do not cite as regulatory evidence.
INTERNAL-011,附件_TrialCompiler总体架构与受控数据流,TrialCompiler project team,2026,08_internal_project_materials,team_attachment,INTERNAL,project,"Internal synthesis, planning, or competition submission support",,project_internal,active,docs/attachments/20260717/附件_TrialCompiler总体架构与受控数据流.docx,,Not an external authority; do not cite as regulatory evidence.
INTERNAL-012,附件_临床研究法规标准与TrialCompiler功能映射表,TrialCompiler project team,2026,08_internal_project_materials,team_attachment,INTERNAL,project,"Internal synthesis, planning, or competition submission support",,project_internal,active,docs/attachments/20260717/附件_临床研究法规标准与TrialCompiler功能映射表.docx,,Not an external authority; do not cite as regulatory evidence.
LOCAL-001,README_使用说明,TrialCompiler project team,2026,08_internal_project_materials,local_support_file,INTERNAL,project,Source-package administration or internal documentation,,project_internal,active,references/inbox/medical_teammate/README_使用说明.md,,Administrative file; not a citable external source.
LOCAL-002,医学知识库权威资料索引_20260717,TrialCompiler project team,2026,08_internal_project_materials,local_support_file,INTERNAL,project,Source-package administration or internal documentation,,project_internal,active,references/inbox/medical_teammate/医学知识库权威资料索引_20260717.xlsx,,Administrative file; not a citable external source.
