source_id	category	title	organization	year	url	source_type	primary_use	access_status	local_path
MED-001	medical	ICH M11 Clinical electronic Structured Harmonised Protocol CeSHarP final guideline	ICH	2025	https://database.ich.org/sites/default/files/ICH_Step4_M11_Final_Guideline_2025_1119.pdf	regulatory_guideline	Structured protocol standard and Trial Fact Sheet rationale	public_pdf	references/inbox/medical/ICH_M11_Final_Guideline_2025.pdf
MED-002	medical	ICH M11 Clinical electronic Structured Harmonised Protocol CeSHarP final template	ICH	2025	https://database.ich.org/sites/default/files/ICH_Step4_M11_Final_Template_2025_1119.pdf	template	Public protocol section structure and document unit mapping	public_pdf	references/inbox/medical/ICH_M11_Final_Template_2025.pdf
MED-003	medical	ICH M11 Explainer	ICH	2026	https://database.ich.org/sites/default/files/ICH%20M11%20Explainer_May2026.pdf	official_explainer	Concise official story for structured protocol deliverables	public_pdf	references/inbox/medical/ICH_M11_Explainer_2026.pdf
MED-004	medical	M11 Clinical Electronic Structured Harmonised Protocol	US FDA	2026	https://www.fda.gov/regulatory-information/search-fda-guidance-documents/m11-clinical-electronic-structured-harmonised-protocol	regulatory_page	US adoption page for ICH M11	public_html	references/inbox/medical/FDA_M11_CeSHarP.html
MED-005	medical	ICH M11 guideline clinical study protocol template and technical specifications scientific guideline	European Medicines Agency	2023	https://www.ema.europa.eu/en/ich-m11-guideline-clinical-study-protocol-template-technical-specifications-scientific-guideline	regulatory_page	EU regulatory context for harmonised protocol preparation	public_html	references/inbox/medical/EMA_ICH_M11_overview.html
MED-006	medical	SPIRIT 2013 Checklist recommended items to address in a clinical trial protocol and related documents	SPIRIT Group	2013	https://www.spirit-statement.org/wp-content/uploads/2013/01/SPIRIT-Checklist-download-8Jan13.pdf	checklist	Protocol completeness and amendment-tracking checklist	public_pdf	references/inbox/medical/SPIRIT_2013_Checklist.pdf
MED-007	medical	SPIRIT 2013 Statement defining standard protocol items for clinical trials	SPIRIT Group	2013	https://www.spirit-statement.org/wp-content/uploads/SPIRIT_2013_Statement_FR_final.pdf	guideline_statement	Protocol item taxonomy and schedule examples	public_pdf	references/inbox/medical/SPIRIT_2013_Statement.pdf
MED-008	medical	SPIRIT electronic protocol tool and resource SEPTRE overview	SPIRIT Group	2026	https://www.spirit-statement.org/	tool_reference	Existing protocol creation and management tool context	public_html	references/inbox/medical/SPIRIT_home_SEPTRE.html
MED-009	medical	SPIRIT-AI extension for clinical trial protocols involving AI interventions	BMJ and SPIRIT-AI Group	2020	https://pmc.ncbi.nlm.nih.gov/articles/PMC8212701/	guideline_extension	AI-related protocol items and AI trial documentation boundaries	public_html	references/inbox/medical/SPIRIT_AI_Extension_PMC.html
MED-010	medical	CONSORT 2010 Statement updated guidelines for reporting parallel group randomised trials	BMC Medicine	2010	https://link.springer.com/article/10.1186/1741-7015-8-18	guideline_statement	Trial reporting checklist and consistency principles	public_html	references/inbox/medical/CONSORT_2010_BMC.html
MED-011	medical	ClinicalTrials.gov Protocol Registration Data Element Definitions for Interventional and Observational Studies	ClinicalTrials.gov and NLM	2026	https://clinicaltrials.gov/policy/protocol-definitions	data_element_definitions	Structured vocabulary for endpoints arms eligibility and outcomes	public_html	references/inbox/medical/ClinicalTrialsGov_Protocol_Definitions.html
MED-012	medical	Clinical Trial Protocol Template	NIH-FDA	2021	https://www.fda.gov/media/152143/download	template	Public clinical trial protocol template	public_pdf	references/inbox/medical/NIH_FDA_Clinical_Trial_Protocol_Template.pdf
MED-013	medical	ICH E6(R3) Good Clinical Practice guideline	ICH	2025	https://database.ich.org/sites/default/files/ICH_E6%28R3%29_Step4_FinalGuideline_2025_0106.pdf	regulatory_guideline	Quality by design and human responsibility boundary	public_pdf	references/inbox/medical/ICH_E6_R3_Final_Guideline_2025.pdf
MED-014	medical	ICH E8(R1) General Considerations for Clinical Studies	ICH	2021	https://database.ich.org/sites/default/files/E8-R1_Guideline_Step4_2021_1006.pdf	regulatory_guideline	Quality by design and critical-to-quality factors	public_pdf	references/inbox/medical/ICH_E8_R1_2021.pdf
MED-015	medical	ICH E9 Statistical Principles for Clinical Trials	ICH	1998	https://database.ich.org/sites/default/files/E9_Guideline.pdf	regulatory_guideline	Statistical constraints and analysis-plan consistency	public_pdf	references/inbox/medical/ICH_E9_Statistical_Principles.pdf
MED-016	medical	ICH E9(R1) Addendum on Estimands and Sensitivity Analysis	ICH	2019	https://database.ich.org/sites/default/files/E9-R1_Step4_Guideline_2019_1203.pdf	regulatory_guideline	Endpoint estimand language and semantic consistency	public_pdf	references/inbox/medical/ICH_E9_R1_Estimands.pdf
MED-017	medical	When and how can endpoints be changed after initiation of a randomized clinical trial	PLoS Clinical Trials via PMC	2007	https://pmc.ncbi.nlm.nih.gov/articles/PMC1852589/	research_article	Endpoint change risk and downstream update reasoning	public_html	references/inbox/medical/Endpoint_Changes_PMC.html
MED-018	medical	Common Clinical Trial Amendments why they are submitted and why they are not	PMC	2022	https://pmc.ncbi.nlm.nih.gov/articles/PMC9811046/	research_article	Protocol amendment taxonomy and operational burden	public_html	references/inbox/medical/Common_Clinical_Trial_Amendments_PMC.html
MED-019	medical	The Impact of Protocol Amendments on Clinical Trial Performance and Cost	PubMed	2016	https://pubmed.ncbi.nlm.nih.gov/30227022/	research_metadata	Quantitative amendment cost and performance evidence	metadata_only	references/inbox/medical/Protocol_Amendments_PubMed.html
MED-020	medical	The Impact of Protocol Amendments on Clinical Trial Performance and Cost	SAGE Journals	2016	https://journals.sagepub.com/doi/10.1177/2168479016632271	research_metadata	Publisher landing page for amendment cost evidence	metadata_only	references/inbox/medical/Protocol_Amendments_SAGE.html
MED-021	medical	New Benchmarks on Protocol Amendment Practices Trends and their Impact on Clinical Trial Performance	PubMed	2024	https://pubmed.ncbi.nlm.nih.gov/38438658/	research_metadata	Updated amendment trend benchmark metadata	metadata_only	references/inbox/medical/New_Benchmarks_Protocol_Amendments_PubMed.html
MED-022	medical	Development of a protocol complexity tool a framework designed to simplify clinical trials	PMC	2025	https://pmc.ncbi.nlm.nih.gov/articles/PMC12395810/	research_article	Protocol complexity measurement and simplification framing	public_html	references/inbox/medical/Protocol_Complexity_Tool_PMC.html
MED-023	medical	ICH Guidance Documents	US FDA	2026	https://www.fda.gov/science-research/clinical-trials-and-human-subject-protection/ich-guidance-documents	regulatory_index	Official FDA index for ICH guidance cross-checking	public_html	references/inbox/medical/FDA_ICH_Guidance_Index.html
BUS-001	business	Veeva Clinical Operations	Veeva Systems	2026	https://www.veeva.com/products/clinical-operations/	product_page	Unified clinical operations competitor context	public_html	references/inbox/business/Veeva_Clinical_Operations.html
BUS-002	business	Veeva Clinical Platform	Veeva Systems	2026	https://www.veeva.com/products/veeva-clinical-platform/	product_page	Platform-level competitor context	public_html	references/inbox/business/Veeva_Clinical_Platform.html
BUS-003	business	Veeva Disclosures Creating Registrations and Protocols	Veeva Vault Help	2025	https://clinical.veevavault.help/en/lr/899718/	product_documentation	Protocol and registration record handling comparison	public_html	references/inbox/business/Veeva_Registrations_Protocols_Help.html
BUS-004	business	Oracle Clinical One overview solution brief	Oracle	2021	https://www.oracle.com/a/ocom/docs/industries/life-sciences/clinical-one-overview-solution-brief.pdf	product_sheet	Unified eClinical platform competitor evidence	public_pdf	references/inbox/business/Oracle_Clinical_One_Overview.pdf
BUS-005	business	Oracle Clinical Trial Data Collection	Oracle	2026	https://www.oracle.com/ae/life-sciences/clinical-trial-data-collection/	product_page	Protocol change and trial setup platform context	public_html	references/inbox/business/Oracle_Clinical_Trial_Data_Collection.html
BUS-006	business	Applying Protocol Amendments to Sites and Clinical Subjects	Oracle Documentation	2026	https://docs.oracle.com/cd/G26828_01/books/CTMS/c-Applying-Protocol-Amendments-to-Sites-and-Clinical-Subjects--ad1003746.html	product_documentation	Concrete downstream objects affected by protocol amendment	public_html	references/inbox/business/Oracle_Applying_Protocol_Amendments.html
BUS-007	business	Medidata AI	Medidata	2026	https://www.medidata.com/en/clinical-trial-products/medidata-ai/	product_page	AI across clinical trial lifecycle competitor context	public_html	references/inbox/business/Medidata_AI.html
BUS-008	business	Medidata Clinical Data Studio	Medidata	2026	https://www.medidata.com/en/data-experience/clinical-data-studio/	product_page	AI-assisted clinical data review adjacent competitor	public_html	references/inbox/business/Medidata_Clinical_Data_Studio.html
BUS-009	business	AI in Clinical Study Builds redefining EDC efficiency	Medidata	2025	https://www.medidata.com/en/life-science-resources/medidata-blog/ai-study-build/	blog_product	Turning static protocol documents into dynamic collection structures	public_html	references/inbox/business/Medidata_AI_Study_Build.html
BUS-010	business	Clinical Data Studio press release	Medidata and Dassault Systemes	2024	https://www.3ds.com/newsroom/press-releases/medidata-launches-clinical-data-studio-leveraging-ai-modernize-data-experience-clinical-trials	press_release	Vendor claim for AI data review and reconciliation	public_html	references/inbox/business/Medidata_Clinical_Data_Studio_PR.html
BUS-011	business	Kitsa AI-powered clinical trial documentation	Kitsa	2026	https://kitsa.ai/resources/ai-powered-documentation	product_page	Direct AI protocol and regulatory writing competitor	public_html	references/inbox/business/Kitsa_AI_Documentation.html
BUS-012	business	Kitsa Tech Mahindra agentic AI medical writing partnership	Tech Mahindra and Kitsa	2026	https://www.techmahindra.com/insights/news/kitsa-and-tech-mahindra-collaborate-for-next-gen-pharma-solutions/	press_release	Agentic AI medical writing market signal	public_html	references/inbox/business/Kitsa_TechMahindra_Partnership.html
BUS-013	business	Clinical Trial Protocol Optimization with Generative AI	Clinion	2025	https://www.clinion.com/insight/simplifying-clinical-trial-protocol-with-genai/	vendor_blog	Vendor framing of generative AI protocol optimization	public_html	references/inbox/business/Clinion_GenAI_Protocol.html
BUS-014	business	Kitsa Blog Index	Kitsa	2026	https://kitsa.ai/blog	blog_index	Competitor vocabulary around clinical trial documentation	public_html	references/inbox/business/Kitsa_Blog_Index.html
BUS-015	business	Medical Writing Automatic Clinical Protocol Generation	CARA Life Sciences	2026	https://www.caralifesciences.generiscorp.com/clinical-solutions/medical-writing-automatic-clinical-protocol-generation/	product_page	Component authoring and protocol generation comparator	public_html	references/inbox/business/CARA_Automatic_Protocol_Generation.html
BUS-016	business	TrialAssure clinical data transparency software leader	TrialAssure	2026	https://trialassure.com/	product_page	Clinical transparency and disclosure adjacent competitor	public_html	references/inbox/business/TrialAssure_Home.html
BUS-017	business	TrialAssure ANONYMIZE data anonymization transparency software	TrialAssure	2026	https://trialassure.com/software/anonymize/	product_page	Privacy and anonymization adjacent product	public_html	references/inbox/business/TrialAssure_Anonymize.html
BUS-018	business	Narrativa Clinical Atlas protocol clinical trials automation with AI agents	Narrativa	2026	https://www.narrativa.com/protocol-clinical-trials-automation-with-ai-agents/	product_blog	Protocol automation with specialized AI agents market signal	public_html	references/inbox/business/Narrativa_Protocol_AI_Agents.html
BUS-019	business	Paperguide Clinical Trial Design and Protocol Writing	Paperguide	2026	https://paperguide.ai/solutions/clinical-trails/	product_page	Research-backed protocol writing competitor	public_html	references/inbox/business/Paperguide_Clinical_Trials.html
BUS-020	business	Clinical Trials Protocol Authoring using LLMs	arXiv	2024	https://arxiv.org/abs/2404.05044	research_preprint	LLM-assisted protocol authoring technical baseline	public_html	references/inbox/business/Clinical_Trials_Protocol_Authoring_LLMs_arXiv.html
GOV-001	ai_governance	Reflection paper on the use of artificial intelligence in the medicinal product lifecycle	European Medicines Agency	2024	https://www.ema.europa.eu/en/documents/scientific-guideline/reflection-paper-use-artificial-intelligence-ai-medicinal-product-lifecycle_en.pdf	regulatory_reflection	AI governance and human oversight for medicinal product lifecycle	public_pdf	references/inbox/ai_governance/EMA_AI_Medicinal_Product_Lifecycle_Reflection.pdf
GOV-002	ai_governance	Considerations for the Use of Artificial Intelligence to Support Regulatory Decision-Making for Drug and Biological Products	US FDA	2025	https://www.fda.gov/regulatory-information/search-fda-guidance-documents/considerations-use-artificial-intelligence-support-regulatory-decision-making-drug-and-biological	guidance_page	AI credibility and regulatory decision-support risk framing	public_html	references/inbox/ai_governance/FDA_AI_Regulatory_Decision_Making.html
GOV-003	ai_governance	Ethics and governance of artificial intelligence for health	World Health Organization	2021	https://www.who.int/publications/i/item/9789240029200	governance_report	Health AI ethics privacy accountability and human oversight	public_html	references/inbox/ai_governance/WHO_AI_Health_Ethics.html
GOV-004	ai_governance	Artificial Intelligence for Drug Development	US FDA	2026	https://www.fda.gov/about-fda/center-drug-evaluation-and-research-cder/artificial-intelligence-drug-development	regulatory_page	FDA resource hub for AI in drug development	public_html	references/inbox/ai_governance/FDA_AI_Drug_Development_Resource.html
GOV-005	ai_governance	Good Machine Learning Practice for Medical Device Development Guiding Principles	FDA Health Canada MHRA	2021	https://www.fda.gov/medical-devices/software-medical-device-samd/good-machine-learning-practice-medical-device-development-guiding-principles	guiding_principles	AI lifecycle and quality principles as analogy not direct drug-document rule	public_html	references/inbox/ai_governance/FDA_GMLP_Guiding_Principles.html
STD-001	standards	Clinical Content and Reuse Assets Clinical Studies	TransCelerate BioPharma	2026	https://www.transceleratebiopharmainc.com/assets/clinical-content-reuse-solutions/	template_suite	Common Protocol Template SAP and CSR template ecosystem	public_html	references/inbox/medical/TransCelerate_Clinical_Content_Reuse_Assets.html
STD-002	standards	Clinical Content and Reuse	TransCelerate BioPharma	2026	https://www.transceleratebiopharmainc.com/initiatives/clinical-content-reuse/	initiative_page	Harmonized model content across protocol SAP and CSR	public_html	references/inbox/medical/TransCelerate_Clinical_Content_Reuse.html
STD-003	standards	Common Protocol Template Now Available	TransCelerate BioPharma	2016	https://www.transceleratebiopharmainc.com/news-center/common-protocol-template-now-available/	news_page	History and availability of Common Protocol Template resources	public_html	references/inbox/medical/TransCelerate_CPT_Now_Available.html
STD-004	standards	CPT 101 An Introduction to the Common Protocol Template	TransCelerate BioPharma	2018	https://www.transceleratebiopharmainc.com/events/cpt-101-introduction-common-protocol-template-3/	event_page	Simple description of CPT as harmonized protocol format and content	public_html	references/inbox/medical/TransCelerate_CPT_101.html
STD-005	standards	PRM Protocol Representation Model	CDISC	2026	https://www.cdisc.org/standards/foundational/protocol	standard_page	Standard for machine-readable protocol representation	public_html	references/inbox/medical/CDISC_PRM.html
STD-006	standards	CDISC PRM Toolset v1	CDISC	2026	https://www.cdisc.org/cdisc-prm-toolset-v1.0	toolset_page	Public toolset for protocol representation model	public_html	references/inbox/medical/CDISC_PRM_Toolset_v1.html
STD-007	standards	Trial Master File Standard	CDISC	2026	https://www.cdisc.org/tmf	standard_page	Standardized TMF structure and terminology for audit-ready trial documents	public_html	references/inbox/medical/CDISC_TMF_Standard.html
STD-008	standards	Trial Master File Reference Model	CDISC	2026	https://www.cdisc.org/standards/trial-master-file-reference-model	standard_page	TMF taxonomy and metadata source for document dependency and audit context	public_html	references/inbox/medical/CDISC_TMF_Reference_Model.html
STD-009	standards	Protocol Templates for Clinical Trials	NIH	2024	https://grants.nih.gov/policy-and-compliance/policy-topics/clinical-trials/protocol-template	template_page	Public NIH page for clinical trial protocol templates and e-protocol tool	public_html	references/inbox/medical/NIH_Protocol_Templates.html
STD-010	standards	Protocol Templates	University of Wisconsin IRB	2026	https://irb.wisc.edu/manual/investigator-manual/irb-review-requirements-and-application-types/human-research-requiring-a-protocol/protocol-templates/	template_page	Public list of protocol templates including NIH and NCI references	public_html	references/inbox/medical/Wisconsin_IRB_Protocol_Templates.html
STD-011	standards	Diversity Inclusion and Equity Overlay for TransCelerate Common Protocol Template	MRCT Center	2022	https://mrctcenter.org/resource/diversity-inclusion-and-equity-in-clinical-research-diversity-inclusion-overlay-transcelerates-common-protocol-template/	template_overlay	Shows how protocol templates can be extended by domain-specific overlays	public_html	references/inbox/medical/MRCT_Diversity_Overlay_CPT.html
STD-012	standards	Developing generic templates to shape the future for conducting platform trials	PMC	2024	https://pmc.ncbi.nlm.nih.gov/articles/PMC10956223/	research_article	Public evidence for template standardization and platform-trial template design	public_html	references/inbox/medical/Platform_Trial_Generic_Templates_PMC.html
BUS-021	business	CoAuthor Life Science GenAI Software for Medical Writing	Certara	2026	https://www.certara.com/coauthor/	product_page	Direct regulatory and medical writing GenAI competitor	public_html	references/inbox/business/Certara_CoAuthor.html
BUS-022	business	Certara Launches CoAuthor a Regulatory and Medical Writing Tool	Certara	2023	https://www.certara.com/announcement/certara-launches-coauthor-a-regulatory-and-medical-writing-tool/	press_release	Launch source for CoAuthor positioning in clinical trial documents	public_html	references/inbox/business/Certara_CoAuthor_Launch.html
BUS-023	business	CoAuthor Factsheet	Certara	2026	https://www.certara.com/fact-sheet/coauthor/	fact_sheet	Structured content authoring and Microsoft Word integration competitor evidence	public_html	references/inbox/business/Certara_CoAuthor_Factsheet.html
BUS-024	business	Medical Writing Automation	Yseop	2026	https://yseop.com/medical-writing-automation/	product_page	Medical writing automation competitor focused on reports and narratives	public_html	references/inbox/business/Yseop_Medical_Writing_Automation.html
BUS-025	business	Clinical Document Automation	Yseop	2026	https://yseop.com/solutions/life-sciences/clinical/	product_page	AI-based NLG clinical document automation competitor	public_html	references/inbox/business/Yseop_Clinical_Document_Automation.html
BUS-026	business	Welcome to Yseop Copilot	Yseop	2026	https://yseop.com/automate-medical-regulatory-authoringworkflows/	product_page	Regulatory authoring workflow automation and Word/Veeva integration evidence	public_html	references/inbox/business/Yseop_Copilot.html
BUS-027	business	eTMF Features Built for a Better Clinical Trial	Montrium	2026	https://www.montrium.com/etmf-connect-features	product_page	Document management and artifact linking competitor context	public_html	references/inbox/business/Montrium_eTMF_Connect_Features.html
BUS-028	business	Montrium clinical operations platform	Montrium	2026	https://www.montrium.com/	product_page	Cloud eTMF eQMS and RIM platform competitor evidence	public_html	references/inbox/business/Montrium_Home.html
BUS-029	business	eTMF Systems	MasterControl	2026	https://www.mastercontrol.com/au/clinical/etmf-software-systems/	product_page	eTMF and clinical document management competitor context	public_html	references/inbox/business/MasterControl_eTMF_Systems.html
BUS-030	business	MasterControl eTMF Manager	MasterControl	2026	https://www.mastercontrol.com/resource-center/documents/mastercontrol-etmf-manager/	product_page	Document control change control audit and risk management competitor context	public_html	references/inbox/business/MasterControl_eTMF_Manager.html
CN-001	china_regulatory	药物临床试验质量管理规范 2020	NMPA and National Health Commission	2020	https://www.nmpa.gov.cn/xxgk/fgwj/xzhgfxwj/20200426162401243.html	regulatory_page	Chinese GCP baseline for clinical trial quality and protocol governance	public_html	references/inbox/medical/NMPA_GCP_2020.html
CN-002	china_regulatory	药物临床试验质量管理规范 2026年修订	NMPA and NHC and NATCM and NCDC	2026	https://www.nmpa.gov.cn/xxgk/fgwj/xzhgfxwj/20260608103856150.html	regulatory_page	Latest public Chinese GCP revision and quality responsibility context	public_html	references/inbox/medical/NMPA_GCP_2026.html
CN-003	china_regulatory	药物临床试验数据管理与统计分析计划指导原则	CDE	2021	https://www.cde.org.cn/main/att/download/7da62eab6c2d93cb350048a1f507d348	guidance_pdf	Chinese source for data management plan and SAP structure after protocol confirmation	public_html	references/inbox/medical/CDE_Data_Management_Statistical_Analysis_Plan_2021.html
CN-004	china_regulatory	药物临床试验期间方案变更技术指导原则试行	CDE	2022	https://pharmwyp.com/posts/56814/3.%E4%B8%B4%E5%BA%8A%E8%AF%95%E9%AA%8C%E5%AE%9E%E6%96%BD/3.4%E8%AF%95%E9%AA%8C%E7%AC%A6%E5%90%88%E6%80%A7/20220623_CDE_%E5%85%B3%E4%BA%8E%E5%8F%91%E5%B8%83%E3%80%8A%E8%8D%AF%E7%89%A9%E4%B8%B4%E5%BA%8A%E8%AF%95%E9%AA%8C%E6%9C%9F%E9%97%B4%E6%96%B9%E6%A1%88%E5%8F%98%E6%9B%B4%E6%8A%80%E6%9C%AF%E6%8C%87%E5%AF%BC%E5%8E%9F%E5%88%99%EF%BC%88%E8%AF%95%E8%A1%8C%EF%BC%89%E3%80%8B%E7%9A%84%E9%80%9A%E5%91%8A%EF%BC%882022%E5%B9%B4%E7%AC%AC34%E5%8F%B7%EF%BC%89.pdf	guidance_pdf	Chinese source for protocol amendment scenarios and assessment points	public_pdf	references/inbox/medical/CDE_Protocol_Amendment_Guidance_2022.pdf
CN-005	china_regulatory	CDE发布药物临床试验期间方案变更技术指导原则试行	中国食品药品网	2022	https://m.cnpharm.com/c/2022-06-23/829152.shtml	news_reprint	CDE announcement text and access path for protocol amendment guidance	public_html	references/inbox/medical/CNPharm_CDE_Protocol_Amendment_Announcement.html
CN-006	china_regulatory	CDE发布药物临床试验数据管理与统计分析计划指导原则	中国食品药品网	2022	https://m.cnpharm.com/c/2022-01-04/814382.shtml	news_reprint	CDE announcement text and access path for data management and SAP guidance	public_html	references/inbox/medical/CNPharm_CDE_DM_SAP_Announcement.html
FS-001	feishu	欢迎使用飞书Aily	Feishu Aily	2026	https://aily.feishu.cn/hc/1u7kleqg/4q7o7as7	product_manual	Feishu Aily as enterprise agent platform and deployment interface	public_html	references/inbox/business/Feishu_Aily_Welcome.html
FS-002	feishu	Get started with Feishu Aily	Feishu	2026	https://www.feishu.cn/hc/en-US/articles/790732948604-get-started-with-feishu-aily	product_manual	English Feishu Aily feature overview for competition integration	public_html	references/inbox/business/Feishu_Aily_Get_Started_EN.html
FS-003	feishu	快速了解飞书Aily	Feishu	2026	https://www.feishu.cn/hc/zh-CN/articles/790732948604-%E5%BF%AB%E9%80%9F%E4%BA%86%E8%A7%A3%E9%A3%9E%E4%B9%A6-aily	product_manual	Chinese Feishu Aily overview and custom agent capability	public_html	references/inbox/business/Feishu_Aily_Quick_Start_ZH.html
FS-004	feishu	Use the AI Agent node in Workflow	Feishu	2026	https://www.feishu.cn/hc/en-US/articles/643175485940-use-the-ai-agent-node-in-workflow	workflow_manual	Workflow AI Agent node as orchestration interface	public_html	references/inbox/business/Feishu_AI_Agent_Node_Workflow.html
FS-005	feishu	企业级智能体开发平台定制你的AI专属工作助手	Feishu	2026	https://www.feishu.cn/content/3d5z9ttt	product_page	Official positioning for Aily skills knowledge data processing and enterprise integration	public_html	references/inbox/business/Feishu_Aily_Enterprise_Agent_Platform.html
FS-006	feishu	飞书智能伙伴平台Aily的对话模式	Feishu	2026	https://www.feishu.cn/content/kdvbmrpn	product_manual	Defines reasoning workflow knowledge QA and hybrid scheduling modes	public_html	references/inbox/business/Feishu_Aily_Conversation_Modes.html
FS-007	feishu	Use AI-generated text in Workflow and Automations	Feishu	2026	https://www.feishu.cn/hc/en-US/articles/902812682257-use-ai-generated-text-in-workflow-and-automations	workflow_manual	Feishu workflow text generation and automation interface evidence	public_html	references/inbox/business/Feishu_AI_Generated_Text_Workflow.html
FS-008	feishu	飞书知识库 AI赋能的企业级结构化知识管理工具	Feishu	2026	https://www.feishu.cn/product/wiki	product_page	Feishu knowledge base as structured enterprise knowledge layer	public_html	references/inbox/business/Feishu_Wiki_Knowledge_Base.html
FS-009	feishu	Use AI to build workflows in Base	Feishu	2026	https://www.feishu.cn/hc/en-US/articles/317606642838-use-ai-to-build-workflows-in-base	workflow_manual	Base workflow generation by AI for low-code orchestration story	public_html	references/inbox/business/Feishu_Base_AI_Workflow.html
FS-010	feishu	Overview of Feishu AI plans and AI quota usage rules	Feishu	2026	https://www.feishu.cn/hc/en-US/articles/629644238181-overview-of-feishu-ai-plans-and-ai-quota-usage-rules	product_manual	Quota and plan constraints for deployment discussion	public_html	references/inbox/business/Feishu_AI_Plans_Quota.html
BUR-001	burden	Multidisciplinary Approach to Protocol Writing	Applied Clinical Trials	2026	https://www.appliedclinicaltrialsonline.com/view/multidisciplinary-approach-protocol-writing	industry_article	Public statement on protocol-writing process and approximate writing duration	public_html	references/inbox/business/AppliedClinicalTrials_Multidisciplinary_Protocol_Writing.html
BUR-002	burden	Controlling complexity for regulator-ready protocol	ICON plc	2025	https://www.iconplc.com/insights/blog/2025/04/09/controlling-complexity-regulator-ready-protocol	industry_article	Protocol complexity and amendment cost narrative with Tufts CSDD references	public_html	references/inbox/business/ICON_Regulator_Ready_Protocol_Complexity.html
BUR-003	burden	Shining a Light on the Inefficiencies in Amendment Implementation	Applied Clinical Trials	2026	https://www.appliedclinicaltrialsonline.com/view/shining-a-light-on-the-inefficiencies-in-amendment-implementation	industry_article	Amendment implementation delays and cross-functional burden context	public_html	references/inbox/business/AppliedClinicalTrials_Amendment_Inefficiencies.html
BUR-004	burden	Cost of Protocol Amendments How Changes Penalize Learning in Phase 1	Prelude EDC	2026	https://preludeedc.com/resource/cost-of-protocol-amendments-phase-1/	vendor_article	Public amendment frequency and delay claims citing Tufts and Getz work	public_html	references/inbox/business/PreludeEDC_Cost_of_Protocol_Amendments.html
BUR-005	burden	What Structured Content Means for Medical Writers	Docuvera	2025	https://docuvera.com/blog/structured-content-for-medical-writers/	industry_article	Structured content components metadata and reuse framing	public_html	references/inbox/business/Docuvera_Structured_Content_Medical_Writers.html
BUR-006	burden	Structured Content Authoring in Pharma	Echo360	2026	https://echo360.com/articles/structured-content-authoring-pharma-tools/	industry_article	Structured authoring compliance templates controlled vocabulary and workflow framing	public_html	references/inbox/business/Echo360_Structured_Content_Authoring_Pharma.html
BUR-007	burden	AI and medical writing Unlocking value for life sciences	Deloitte	2026	https://www.deloitte.com/us/en/industries/life-sciences-health-care/articles/gen-ai-and-medical-writing.html	industry_article	Industry view that GenAI and structured content authoring may become content intelligence	public_html	references/inbox/business/Deloitte_GenAI_Medical_Writing.html
BUR-008	burden	AI Medical Writing Software Protocol and CSR Automation	AlphaLifeSci	2026	https://alphalifesci.com/products/auroraprime-rma/medical-writing	product_page	Competitor claim around source-grounded protocol/SAP/TFL reuse and QC checks	public_html	references/inbox/business/AlphaLifeSci_AuroraPrime_Medical_Writing.html
BUR-009	burden	Protocol Writing in Clinical Research	PMC	2016	https://pmc.ncbi.nlm.nih.gov/articles/PMC5198475/	research_article	Open educational article on protocol writing requirements and standard steps	public_html	references/inbox/medical/Protocol_Writing_in_Clinical_Research_PMC.html
BUR-010	burden	Clinical Trial Protocol Development Services	Quanticate	2026	https://www.quanticate.com/clinical-trial-protocol-development	service_page	Public CRO description of protocol synopsis and full protocol development workflow	public_html	references/inbox/business/Quanticate_Protocol_Development.html
ADOC-001	associated_documents	WHO informed consent form template for clinical studies	WHO	2026	https://cdn.who.int/media/docs/default-source/documents/ethics/ethics-informedconsent-clinicalstudies.doc?sfvrsn=d69ff68a_0	template	ICF structure and informed consent document unit mapping	public_doc	references/inbox/associated_documents/WHO_informed_consent_template.doc
ADOC-002	associated_documents	NIH consent templates	NIH OHSRP	2026	https://irbo.nih.gov/nih-irb-templates/consent-templates/	template_index	ICF template source and consent section requirements	public_html	references/inbox/associated_documents/NIH_consent_templates.html
ADOC-003	associated_documents	NIAID protocols and informed consent	NIAID	2025	https://www.niaid.nih.gov/research/dmid-protocols-informed-consent	template_index	Protocol and ICF template references for document catalog	public_html	references/inbox/associated_documents/NIAID_protocols_informed_consent.html
ADOC-004	associated_documents	FDA informed consent template for individual patient expanded access	US FDA	2026	https://www.fda.gov/news-events/expanded-access/informed-consent-template-individual-patient-expanded-access	template	Consent language constraints and regulatory boundary examples	public_html	references/inbox/associated_documents/FDA_expanded_access_informed_consent_template.html
ADOC-005	associated_documents	TransCelerate Common Statistical Analysis Plan template	TransCelerate BioPharma	2026	https://www.transceleratebiopharmainc.com/initiatives/common-statistical-analysis-plan-sap-template/	template_page	SAP structure and protocol-SAP dependency mapping	public_html	references/inbox/associated_documents/TransCelerate_common_SAP_template.html
ADOC-006	associated_documents	TransCelerate Clinical Content and Reuse assets	TransCelerate BioPharma	2026	https://www.transceleratebiopharmainc.com/assets/clinical-content-reuse-solutions/	template_index	Protocol SAP CSR template suite and reuse rationale	public_html	references/inbox/associated_documents/TransCelerate_clinical_content_reuse_assets.html
ADOC-007	associated_documents	TransCelerate Clinical Content and Reuse initiative	TransCelerate BioPharma	2026	https://www.transceleratebiopharmainc.com/initiatives/clinical-content-reuse/	initiative_page	Harmonized model content and template suite reference	public_html	references/inbox/associated_documents/TransCelerate_clinical_content_reuse.html
ADOC-008	associated_documents	EU-PEARL Statistical Analysis Plan template	EU-PEARL	2023	https://eu-pearl.eu/wp-content/uploads/2023/05/3.EU-PEARL_SAP_Template_V3-25April2023.docx	template	SAP section examples and analysis-plan fact dependencies	public_docx	references/inbox/associated_documents/EU_PEARL_SAP_Template_2023.docx
ADOC-009	associated_documents	Duke Statistical Analysis Plan template	Duke Biostatistics	2020	https://biostat.duke.edu/sites/default/files/2022-06/SAP%20template%20for%20website%202020-06-09.docx	template	SAP checklist and analysis plan unit tests	public_docx	references/inbox/associated_documents/Duke_SAP_template_2020.docx
ADOC-010	associated_documents	DAC Trials Statistical Analysis Plan template	DAC Trials	2026	https://dac-trials.org/resources/statistical-analysis-plan-template/	template_page	SAP purpose and best-practice wording	public_html	references/inbox/associated_documents/DAC_trials_SAP_template.html
ADOC-011	associated_documents	A template for the authoring of statistical analysis plans	Trials / PMC	2023	https://pmc.ncbi.nlm.nih.gov/articles/PMC10300078/	open_access_article	Evidence for structured SAP authoring and SAP checklist content	public_html	references/inbox/associated_documents/PMC_SAP_authoring_template_2023.html
ADOC-012	associated_documents	ClinicalTrials.gov protocol registration data element definitions	ClinicalTrials.gov	2026	https://clinicaltrials.gov/policy/protocol-definitions	registry_definitions	Registry field mapping and outcome measure consistency checks	public_html	references/inbox/associated_documents/ClinicalTrialsGov_protocol_definitions.html
ADOC-013	associated_documents	ClinicalTrials.gov results data element definitions	ClinicalTrials.gov	2026	https://clinicaltrials.gov/policy/results-definitions	registry_definitions	Outcome result consistency and endpoint traceability	public_html	references/inbox/associated_documents/ClinicalTrialsGov_results_definitions.html
ADOC-014	associated_documents	ClinicalTrials.gov glossary terms	ClinicalTrials.gov	2026	https://clinicaltrials.gov/study-basics/glossary	glossary	Terminology normalization for registry/protocol consistency	public_html	references/inbox/associated_documents/ClinicalTrialsGov_glossary.html
ADOC-015	associated_documents	ICH E3 Structure and Content of Clinical Study Reports	ICH	1995	https://database.ich.org/sites/default/files/E3_Guideline.pdf	regulatory_guideline	CSR document units and protocol-to-CSR traceability	public_pdf	references/inbox/associated_documents/ICH_E3_Clinical_Study_Report.pdf
ADOC-016	associated_documents	NIH-FDA Phase 2 and 3 IND IDE Clinical Trial Protocol Template annotated by MRCT	MRCT Center / NIH / FDA	2022	https://mrctcenter.org/diversity-in-clinical-research/wp-content/uploads/sites/8/2022/06/MRCT-Center-NIH-Protocol-Template-Version-1.0.pdf	template	Protocol section catalog and schedule/endpoint dependencies	public_pdf	references/inbox/associated_documents/MRCT_NIH_FDA_protocol_template_2022.pdf
ADOC-017	associated_documents	NIA informed consent document template and guidelines	National Institute on Aging	2022	https://www.nia.nih.gov/sites/default/files/2022-03/nia-informed-consent-template.docx	template	Informed consent section requirements and wording patterns	public_docx	references/inbox/associated_documents/NIA_informed_consent_template_2022.html
ADOC-018	associated_documents	NYU standard consent template for clinical trials and biomedical research	NYU Langone Health	2018	https://med.nyu.edu/departments-institutes/clinical-translational-science/sites/default/files/standard-consent-template-for-clinical-trials-and-biomedical-research.pdf	template	Consent document unit examples and risk/benefit wording checks	public_pdf	references/inbox/associated_documents/NYU_standard_consent_template_2018.pdf
ADOC-019	associated_documents	ClinicalTrials.gov reporting basic results article	PMC	2010	https://pmc.ncbi.nlm.nih.gov/articles/PMC2821287/	open_access_article	Registry results reporting background and outcome data dependencies	public_html	references/inbox/associated_documents/PMC_ClinicalTrialsGov_basic_results_2010.html
ADOC-020	associated_documents	University of Buffalo ClinicalTrials.gov registration and results guide	University at Buffalo CTSI	2024	https://www.buffalo.edu/content/dam/www/ctsi/Cores/ClinicalResearchOffice/ClinicalTrialsgov%20Registration%20and%20Results%20Guide%201.16.2024.docx	guide	Registry required-field workflow and completion date dependencies	public_docx	references/inbox/associated_documents/Buffalo_ClinicalTrialsGov_registration_results_guide_2024.docx
AI-001	ai_protocol_authoring	From RAGs to riches: Using large language models to write documents for clinical trials	arXiv	2024	https://arxiv.org/pdf/2402.16406	preprint	LLM and RAG baseline for clinical trial document authoring	public_pdf	references/inbox/ai_protocol_authoring/Markey_RAGs_to_riches_clinical_trial_documents_2024.pdf
AI-002	ai_protocol_authoring	Clinical Trials Protocol Authoring using LLMs	arXiv	2024	https://arxiv.org/pdf/2404.05044	preprint	Protocol authoring baseline and LLM workflow comparison	public_pdf	references/inbox/ai_protocol_authoring/Clinical_trials_protocol_authoring_using_LLMs_2024.pdf
AI-003	ai_protocol_authoring	Large Language Models for Clinical Trial Protocol Assessments	PMC	2026	https://pmc.ncbi.nlm.nih.gov/articles/PMC12816432/	open_access_article	Evidence that LLMs can assess SAP and protocol-related content	public_html	references/inbox/ai_protocol_authoring/PMC_LLMs_for_clinical_trial_protocol_assessments.html
AI-004	ai_protocol_authoring	Large language models in clinical trials: applications and challenges	PMC	2025	https://pmc.ncbi.nlm.nih.gov/articles/PMC12522288/	open_access_article	Broad review of LLM applications and risk boundaries in clinical trials	public_html	references/inbox/ai_protocol_authoring/PMC_LLMs_in_clinical_trials_review.html
AI-005	ai_protocol_authoring	Revolutionizing Clinical Trials with Intelligent Protocol Automation	PHUSE / LexJansen	2025	https://www.lexjansen.com/phuse-us/2025/ml/PAP_ML08.pdf	conference_paper	Industry-style intelligent protocol automation reference	public_pdf	references/inbox/ai_protocol_authoring/PHUSE_intelligent_protocol_automation_2025.pdf
AI-006	ai_protocol_authoring	Using Large Language Models to Assess the Consistency of Randomized Controlled Trials on AI Interventions	JMIR	2025	https://www.jmir.org/2025/1/e72412	open_access_article	Method reference for LLM-based consistency assessment and deterministic API evaluation	public_html	references/inbox/ai_protocol_authoring/JMIR_LLM_consistency_RCT_AI_interventions_2025.html
AI-007	ai_protocol_authoring	AI-Driven Protocol Authoring Accelerates Phase III Clinical Trials	AlphaLifeSci	2025	https://alphalifesci.com/blog/blueprint-for-breakthrough-ai-driven-protocol-authoring-accelerates-phase-iii-clinical-trials	industry_article	Competitor narrative for cross-section consistency and structured protocol authoring	public_html	references/inbox/ai_protocol_authoring/AlphaLifeSci_AI_driven_protocol_authoring.html
AI-008	ai_protocol_authoring	AI Agents for Clinical Trial Protocol Automation	Narrativa	2026	https://www.narrativa.com/protocol-clinical-trials-automation-with-ai-agents/	industry_article	Agent-based clinical protocol automation competitor reference	public_html	references/inbox/ai_protocol_authoring/Narrativa_AI_agents_protocol_automation.html
BURDEN-011	burden	Impact of Protocol Amendments, Personnel Experience and Social Support on Clinical Trial Site Performance	PMC	2025	https://pmc.ncbi.nlm.nih.gov/articles/PMC12579691/	open_access_article	Evidence for amendment, complexity and operational performance burden	public_html	references/inbox/business/PMC_protocol_amendments_site_performance_2025.html
BURDEN-012	burden	Assessing Protocol Complexity and its Impact on Trial Outcomes	IQVIA	2026	https://www.iqvia.com/blogs/2026/01/assessing-protocol-complexity-and-its-impact-on-trial-outcomes	industry_article	Recent industry framing of protocol complexity, burden and amendments	public_html	references/inbox/business/IQVIA_protocol_complexity_trial_outcomes_2026.html
BURDEN-013	burden	The Amendment Trap: why clinical trials face costly protocol changes	Precision for Medicine	2025	https://www.precisionformedicine.com/blog/the-amendment-trap-why-76-of-clinical-trials-face-six-figure-protocol-changes	industry_article	Amendment cost narrative and risk framing	public_html	references/inbox/business/Precision_for_Medicine_amendment_trap.html
BURDEN-014	burden	Cost of Protocol Amendments: How Changes Penalize Learning in Phase 1	Prelude EDC	2026	https://preludeedc.com/resource/cost-of-protocol-amendments-phase-1/	industry_article	Change propagation and amendment-ready system framing	public_html	references/inbox/business/Prelude_cost_of_protocol_amendments_phase1.html
BURDEN-015	burden	The Rising Complexity of Study Design	CRIO	2025	https://clinicalresearch.io/blog/the-rising-complexity-of-study-design-what-it-means-for-clinical-research-sites/	industry_article	Study complexity and deviation/rework narrative	public_html	references/inbox/business/CRIO_rising_complexity_study_design.html
REG-001	regulatory_constraints	FDA Informed Consent Guidance for IRBs, Clinical Investigators, and Sponsors	US FDA	2023	https://www.fda.gov/downloads/regulatoryinformation/guidances/ucm405006.pdf	regulatory_guidance	Consent rule constraints and participant-facing document checks	public_pdf	references/inbox/regulatory_constraints/FDA_informed_consent_guidance_2023.pdf
REG-002	regulatory_constraints	HHS OHRP Informed Consent Checklist	HHS OHRP	2026	https://www.hhs.gov/ohrp/regulations-and-policy/guidance/checklists/index.html	checklist	Consent required elements checklist for ICF unit tests	public_html	references/inbox/regulatory_constraints/HHS_OHRP_informed_consent_checklist.html
REG-003	regulatory_constraints	FDA and HHS Use of Electronic Informed Consent in Clinical Investigations	US FDA / HHS	2016	https://www.fda.gov/regulatory-information/search-fda-guidance-documents/use-electronic-informed-consent-clinical-investigations-questions-and-answers	regulatory_guidance	Digital consent and electronic record boundary for Feishu workflow story	public_html	references/inbox/regulatory_constraints/FDA_HHS_electronic_informed_consent.html
REG-004	regulatory_constraints	ICH E17 General Principles for Planning and Design of Multi-Regional Clinical Trials	ICH	2017	https://database.ich.org/sites/default/files/E17EWG_Step4_2017_1116.pdf	regulatory_guideline	Global protocol design constraints and region-related design facts	public_pdf	references/inbox/regulatory_constraints/ICH_E17_Multi_Regional_Clinical_Trials_2017.pdf
REG-005	regulatory_constraints	EMA ICH E17 scientific guideline page	EMA	2026	https://www.ema.europa.eu/en/ich-guideline-e17-general-principles-planning-design-multi-regional-clinical-trials-scientific-guideline	regulatory_page	EMA context for ICH E17 and global submission acceptability	public_html	references/inbox/regulatory_constraints/EMA_ICH_E17_guideline_page.html
REG-006	regulatory_constraints	FDA E17 General Principles for Planning and Design of Multi-Regional Clinical Trials	US FDA	2018	https://www.fda.gov/regulatory-information/search-fda-guidance-documents/e17-general-principles-planning-and-design-multi-regional-clinical-trials	regulatory_page	US adoption context for multi-region protocol constraints	public_html	references/inbox/regulatory_constraints/FDA_ICH_E17_guidance_page.html
ADOC-021	associated_documents	ClinicalTrials.gov Protocol and SAP Upload and Redaction Guidance	Weill Cornell Medicine	2019	https://research.weill.cornell.edu/sites/default/files/policy_forms/wcm_clinicaltrials.gov_protocol_and_sap_upload_and_redaction_guidance_v1.0_11.9.19.pdf	guide	Protocol/SAP disclosure and redaction workflow dependencies	public_pdf	references/inbox/associated_documents/Weill_Cornell_ClinicalTrialsGov_protocol_SAP_redaction_2019.pdf
ADOC-022	associated_documents	ISCB Clinical Trial Protocol Template	International Society for Clinical Biostatistics	2016	https://www.iscb.international/files/folders/sira_files/protocol_template_05feb2016_508.pdf	template	Additional public protocol template for unit catalog validation	public_pdf	references/inbox/associated_documents/ISCB_clinical_trial_protocol_template_2016.pdf
ADOC-023	associated_documents	NIA Informed Consent Checklist	National Institute on Aging	2008	https://www.nia.nih.gov/sites/default/files/2017-06/informed_consent_checklist_1_14_08_updated%20%281%29.doc	checklist	ICF element checklist for deterministic consent unit tests	public_doc	references/inbox/associated_documents/NIA_informed_consent_checklist_2008.html
ADOC-024	associated_documents	ClinicalTrials.gov sample informed consent document	ClinicalTrials.gov	2017	https://cdn.clinicaltrials.gov/large-docs/95/NCT01873495/ICF_001.pdf	public_example_document	Public example of ICF structure and participant-facing phrasing	public_pdf	references/inbox/associated_documents/ClinicalTrialsGov_sample_ICF_NCT01873495.pdf
SOA-001	schedule_of_activities	SPIRIT schedule of enrolment, interventions, and assessments template	SPIRIT Statement	2013	https://www.spirit-statement.org/wp-content/uploads/2013/01/SPIRIT-Figure.doc	template	Canonical schedule of enrolment/interventions/assessments table	public_doc	references/inbox/associated_documents/SPIRIT_schedule_figure_template.doc
SOA-002	schedule_of_activities	CONSORT-SPIRIT participant timeline explanation	CONSORT-SPIRIT	2026	https://www.consort-spirit.org/item18-participanttimeline	guideline_page	Rationale for participant timeline, visit schedule and burden checks	public_html	references/inbox/associated_documents/CONSORT_SPIRIT_participant_timeline.html
SOA-003	schedule_of_activities	BU Schedule of Events tool	Boston University Medical Campus	2023	https://www.bumc.bu.edu/crro/files/2023/09/CRRO-Tool_Schedule-of-Events_9122023.docx	template	Schedule-of-events table template for protocol and manual of procedures	public_docx	references/inbox/associated_documents/BU_Schedule_of_Events_2023.docx
SOA-004	schedule_of_activities	Allina Health instructions for the Schedule of Events	Allina Health	2026	https://www.allinahealth.org/-/media/allina-health/files/for-medical-professionals/instructions-for-the-schedule-of-events.doc	guide	Practical schedule-of-events instructions and protocol care-plan mapping	public_doc	references/inbox/associated_documents/Allina_schedule_of_events_instructions.doc
SOA-005	schedule_of_activities	UAB simplified clinical trial protocol template	University of Alabama at Birmingham	2026	https://www.uab.edu/ccts/images/kiosk/Simplified_clinical_trial_protocol_template.docx	template	Protocol template containing Schedule of Activities section	public_docx	references/inbox/associated_documents/UAB_simplified_clinical_trial_protocol_template.docx
SOA-006	schedule_of_activities	UAB all clinical trial templates and tools	University of Alabama at Birmingham	2026	https://www.uab.edu/ccts/clinical-trials-kiosk/all-templates-and-tools	template_index	Protocol-driven source document and schedule-of-activities workflow context	public_html	references/inbox/associated_documents/UAB_all_templates_and_tools.html
SOA-007	schedule_of_activities	Automated protocol templates with efficient schedule of activities	PMC	2025	https://pmc.ncbi.nlm.nih.gov/articles/PMC12167819/	open_access_article	Method evidence for automated protocol templates and SoA generation	public_html	references/inbox/associated_documents/PMC_automated_protocol_templates_SoA_2025.html
SOA-008	schedule_of_activities	SPIRIT 2025 statement updated guideline for protocols	PMC	2025	https://pmc.ncbi.nlm.nih.gov/articles/PMC12035670/	open_access_guideline	Updated SPIRIT checklist and participant timeline context	public_html	references/inbox/associated_documents/PMC_SPIRIT_2025_statement.html
SOA-009	schedule_of_activities	ClinicalTrials.gov public protocol with schedule of activities	ClinicalTrials.gov	2019	https://cdn.clinicaltrials.gov/large-docs/86/NCT04671186/Prot_SAP_000.pdf	public_example_document	Public example of protocol and SAP containing SoA section	public_pdf	references/inbox/associated_documents/ClinicalTrialsGov_public_protocol_SoA_NCT04671186.pdf
SOA-010	schedule_of_activities	SPIRIT-PRO protocol template	The PROTEUS Consortium	2023	https://theproteusconsortium.org/wp-content/uploads/2023/02/230220-SPIRIT-PRO-PROtocol-template.pdf	template	PRO assessment schedule and time-window requirements	public_pdf	references/inbox/associated_documents/SPIRIT_PRO_protocol_template_2023.pdf
COMP-001	business	HumanTrue clinical trials quality copilot	HumanTrue	2026	https://humantrue.com/quality	product_page	Direct competitor evidence for protocol quality, ambiguity and consistency positioning	public_html	references/inbox/business/HumanTrue_quality_copilot.html
COMP-002	business	Cori Clinical AI workspace for clinical trial documents	Cori Clinical	2026	https://www.cori-clinical.com/	product_page	Direct competitor evidence for drafting, QC, review and change control across trial documents	public_html	references/inbox/business/Cori_Clinical_home.html
COMP-003	business	Cori Clinical ASSIST Word-centered authoring	Cori Clinical	2026	https://www.cori-clinical.com/assist	product_page	Competitor evidence for Word add-in and connected authoring workflow	public_html	references/inbox/business/Cori_Clinical_ASSIST.html
COMP-004	business	Cori Clinical REVIEW cross-document coherence	Cori Clinical	2026	https://www.cori-clinical.com/review	product_page	Competitor evidence for document review and coherence across trial files	public_html	references/inbox/business/Cori_Clinical_REVIEW.html
COMP-005	business	Clinials protocol intelligence platform	Clinials	2026	https://clinials.com/	product_page	Competitor evidence for AI-powered protocol-to-structured-document generation	public_html	references/inbox/business/Clinials_home.html
COMP-006	business	Clinials about protocol intelligence	Clinials	2026	https://clinials.com/about-us	product_page	Competitor evidence for extracting what matters from protocols and related documents	public_html	references/inbox/business/Clinials_about.html
COMP-007	business	Taimei Wiz-iCTA document management agent	Taimei Technology	2026	https://cn.taimei.com/index/product/id/41	product_page	China competitor evidence for intelligent TMF document management and clinical operations workflow	public_html	references/inbox/business/Taimei_Wiz_iCTA.html
COMP-008	business	Taimei ICH M11 and AI platform article	Taimei Technology	2026	https://cn.taimei.com/cn/6466	company_article	China market evidence for ICH M11, AI agents, iCTA, iDM, eCRF and structured clinical data workflows	public_html	references/inbox/business/Taimei_ICH_M11_AI_platform.html
COMP-009	business	Veeva AI for Clinical Operations	Veeva Systems	2026	https://www.veeva.com/products/clinical-operations/	product_page	Platform competitor evidence for TMF intake and quality check agents in clinical operations	public_html	references/inbox/business/Veeva_AI_clinical_operations.html
COMP-010	business	Evinova Study Document Assistant	Evinova	2026	https://evinova.com/sda	product_page	Adjacent competitor evidence for study document assistant and documentation workflow improvement	public_html	references/inbox/business/Evinova_study_document_assistant.html
COMP-011	business	IQVIA Protocol Design Optimization	IQVIA	2026	https://www.iqvia.com/solutions/research-and-development/consulting/protocol-design-optimization	official_product_page	Adjacent competitor evidence for protocol design optimization and protocol risk assessment positioning.	public_web	references/inbox/public_sources/business/COMP-011_iqvia_protocol_design_optimization.html
COMP-012	business	Medidata Protocol Optimization	Medidata	2026	https://www.medidata.com/en/study-experience/protocol-optimization/	official_product_page	Adjacent competitor evidence for AI-supported protocol optimization and proprietary cross-industry data positioning.	public_web	references/inbox/public_sources/business/COMP-012_medidata_protocol_optimization.html
COMP-013	business	Medidata Clinical Trial Analytics and Study Feasibility	Medidata	2026	https://www.medidata.com/en/study-experience/clinical-trial-analytics/	official_product_page	Adjacent platform evidence for feasibility, enrollment forecasting and site-level analytics.	public_web	references/inbox/public_sources/business/COMP-013_medidata_clinical_trial_analytics.html
STAND-013	standards	CDISC Digital Data Flow for Clinical Trial Protocols	CDISC	2026	https://www.cdisc.org/ddf	standards_body_page	Standards evidence that clinical protocols are moving toward digital data flow and structured study definitions.	public_web	references/inbox/public_sources/standards/STAND-013_cdisc_ddf.html
STAND-014	standards	CDISC USDM Onboarding Package	CDISC	2026	https://www.cdisc.org/education/usdm-onboarding-package	standards_body_page	USDM implementation support evidence for machine-readable study definition adoption.	public_web	references/inbox/public_sources/standards/STAND-014_cdisc_usdm_onboarding.html
STAND-015	standards	CDISC USDM GitHub Package	CDISC	2026	https://github.com/cdisc-org/usdm	official_github_repository	Implementation reference for USDM deliverables and structured study definition models.	public_web	references/inbox/public_sources/standards/STAND-015_cdisc_usdm_github.html
ASSOC-025	associated_documents	TransCelerate Clinical Content and Reuse Assets	TransCelerate BioPharma	2026	https://www.transceleratebiopharmainc.com/assets/clinical-content-reuse-solutions/	industry_template_page	Template-suite evidence for common protocol, SAP and CSR reuse across related clinical documents.	public_web	references/inbox/public_sources/associated_documents/ASSOC-025_transcelerate_clinical_content_reuse_assets.html
ASSOC-026	associated_documents	TransCelerate Clinical Content and Reuse Initiative	TransCelerate BioPharma	2026	https://www.transceleratebiopharmainc.com/initiatives/clinical-content-reuse/	industry_initiative_page	Industry evidence for common content reuse, machine-readable documents and end-to-end efficiency.	public_web	references/inbox/public_sources/associated_documents/ASSOC-026_transcelerate_clinical_content_reuse_initiative.html
STAND-016	standards	TransCelerate Digital Data Flow Initiative	TransCelerate BioPharma	2026	https://www.transceleratebiopharmainc.com/initiatives/digital-data-flow/	industry_initiative_page	Industry evidence for moving from document-centric to data-centric clinical trial protocol digitalization.	public_web	references/inbox/public_sources/standards/STAND-016_transcelerate_ddf.html
STAND-017	standards	CPT 101 Introduction to the Common Protocol Template	TransCelerate BioPharma	2026	https://www.transceleratebiopharmainc.com/events/cpt-101-introduction-common-protocol-template-3/	industry_template_training_page	Evidence that CPT provides common structure and text for protocols and supports downstream automation.	public_web	references/inbox/public_sources/standards/STAND-017_transcelerate_cpt_101.html
